comment_id,username,user_url,comment_text,like_count,created_time,video_url,video_id,creator_handle,keyword,scraped_at,parent_comment_id,is_reply,source_type,search_rank
7640186974707876626,minhsaid6,https://www.tiktok.com/@minhsaid6,bên Việt mình ra chậm quá hóng quá hóng r,27.0,1778869664,https://www.tiktok.com/@rioolite6969/video/7640139051508534535,7640139051508534535,rioolite6969,Tensei shitara Slime Datta Ken,2026-05-16T16:54:17+07:00,0,False,api,1
7640192775196508935,arnolddd.w,https://www.tiktok.com/@arnolddd.w,she was smilling the whole time💀,84.0,1778871017,https://www.tiktok.com/@rioolite6969/video/7640139051508534535,7640139051508534535,rioolite6969,Tensei shitara Slime Datta Ken,2026-05-16T16:54:17+07:00,0,False,api,1
7640281242286572296,truong3cong3bang6,https://www.tiktok.com/@truong3cong3bang6,nhìn chị mua nè mấy cưng,,1778891626,https://www.tiktok.com/@rioolite6969/video/7640139051508534535,7640139051508534535,rioolite6969,Tensei shitara Slime Datta Ken,2026-05-16T16:54:17+07:00,0,False,api,1
7640285183287182081,alefungus,https://www.tiktok.com/@alefungus,[Sticker],42.0,1778892532,https://www.tiktok.com/@rioolite6969/video/7640139051508534535,7640139051508534535,rioolite6969,Tensei shitara Slime Datta Ken,2026-05-16T16:54:17+07:00,0,False,api,1
7640301652931068679,shui_367,https://www.tiktok.com/@shui_367,did she just did jutsu + domain expansion?!!,4.0,1778896366,https://www.tiktok.com/@rioolite6969/video/7640139051508534535,7640139051508534535,rioolite6969,Tensei shitara Slime Datta Ken,2026-05-16T16:54:17+07:00,0,False,api,1
7640293304878072597,amonebillions8,https://www.tiktok.com/@amonebillions8,Anime name,,1778894433,https://www.tiktok.com/@rioolite6969/video/7640139051508534535,7640139051508534535,rioolite6969,Tensei shitara Slime Datta Ken,2026-05-16T16:54:17+07:00,0,False,api,1
7640148102234555154,agente_925,https://www.tiktok.com/@agente_925,sukuna referente 😬,221.0,1778860613,https://www.tiktok.com/@rioolite6969/video/7640139051508534535,7640139051508534535,rioolite6969,Tensei shitara Slime Datta Ken,2026-05-16T16:54:17+07:00,0,False,api,1
7640189614023918356,oel_kgati_kameie,https://www.tiktok.com/@oel_kgati_kameie,ra thêm đc bn tập r vậy,,1778870279,https://www.tiktok.com/@rioolite6969/video/7640139051508534535,7640139051508534535,rioolite6969,Tensei shitara Slime Datta Ken,2026-05-16T16:54:17+07:00,0,False,api,1
7640232024334926608,brolyn47,https://www.tiktok.com/@brolyn47,pls where can I watch this episode 😭🙏,,1778880161,https://www.tiktok.com/@rioolite6969/video/7640139051508534535,7640139051508534535,rioolite6969,Tensei shitara Slime Datta Ken,2026-05-16T16:54:17+07:00,0,False,api,1
7640227578327040786,0xxhentaixx0,https://www.tiktok.com/@0xxhentaixx0,[Sticker],5.0,1778879125,https://www.tiktok.com/@rioolite6969/video/7640139051508534535,7640139051508534535,rioolite6969,Tensei shitara Slime Datta Ken,2026-05-16T16:54:17+07:00,0,False,api,1
7640173204283818783,mrtayoler,https://www.tiktok.com/@mrtayoler,What episode was this?,2.0,1778866513,https://www.tiktok.com/@rioolite6969/video/7640139051508534535,7640139051508534535,rioolite6969,Tensei shitara Slime Datta Ken,2026-05-16T16:54:17+07:00,0,False,api,1
7640174684752315158,trueslimerimuru,https://www.tiktok.com/@trueslimerimuru,s4 ep6,4.0,1778866811,https://www.tiktok.com/@rioolite6969/video/7640139051508534535,7640139051508534535,rioolite6969,Tensei shitara Slime Datta Ken,2026-05-16T16:54:17+07:00,7640173204283818783,True,api,1
7640317967138030337,charleshope3,https://www.tiktok.com/@charleshope3,[Sticker],5.0,1778900164,https://www.tiktok.com/@rioolite6969/video/7640139051508534535,7640139051508534535,rioolite6969,Tensei shitara Slime Datta Ken,2026-05-16T16:54:17+07:00,0,False,api,1
7640278224770401031,kemchanh1234,https://www.tiktok.com/@kemchanh1234,Coi chị múa nè,5.0,1778890916,https://www.tiktok.com/@rioolite6969/video/7640139051508534535,7640139051508534535,rioolite6969,Tensei shitara Slime Datta Ken,2026-05-16T16:54:17+07:00,0,False,api,1
7640349609961964309,tonyn1307,https://www.tiktok.com/@tonyn1307,"Even though Shuna isn’t specialized in close combat, he still lost to a princess and a mage, so how could he possibly stand a chance against Demon Lord Rimuru Tempest?",1.0,1778907542,https://www.tiktok.com/@rioolite6969/video/7640139051508534535,7640139051508534535,rioolite6969,Tensei shitara Slime Datta Ken,2026-05-16T16:54:17+07:00,0,False,api,1
7640287080514077461,alfamarsha,https://www.tiktok.com/@alfamarsha,Saintess of Tempest,3.0,1778892984,https://www.tiktok.com/@rioolite6969/video/7640139051508534535,7640139051508534535,rioolite6969,Tensei shitara Slime Datta Ken,2026-05-16T16:54:17+07:00,0,False,api,1
7640265924025549588,76iamhappy9,https://www.tiktok.com/@76iamhappy9,anime name🥺🥰,,1778888069,https://www.tiktok.com/@rioolite6969/video/7640139051508534535,7640139051508534535,rioolite6969,Tensei shitara Slime Datta Ken,2026-05-16T16:54:17+07:00,0,False,api,1
7640270528300712722,itachigarcia90,https://www.tiktok.com/@itachigarcia90,"tensei shitara slime datta ken la puedes ver en crunchyroll o en cualquier pagina de tu preferencia , este video es de su 4 temporada que esta en emisión",1.0,1778889119,https://www.tiktok.com/@rioolite6969/video/7640139051508534535,7640139051508534535,rioolite6969,Tensei shitara Slime Datta Ken,2026-05-16T16:54:17+07:00,7640265924025549588,True,api,1
7640296934805635861,tpk12304,https://www.tiktok.com/@tpk12304,Mê bả cực,,1778895285,https://www.tiktok.com/@rioolite6969/video/7640139051508534535,7640139051508534535,rioolite6969,Tensei shitara Slime Datta Ken,2026-05-16T16:54:17+07:00,0,False,api,1
7640284113228317461,lunarlynx186,https://www.tiktok.com/@lunarlynx186,The real secretary jk😭,1.0,1778892294,https://www.tiktok.com/@rioolite6969/video/7640139051508534535,7640139051508534535,rioolite6969,Tensei shitara Slime Datta Ken,2026-05-16T16:54:17+07:00,0,False,api,1
7640371064661279508,teem5080,https://www.tiktok.com/@teem5080,สะใจ😂,,1778912532,https://www.tiktok.com/@rioolite6969/video/7640139051508534535,7640139051508534535,rioolite6969,Tensei shitara Slime Datta Ken,2026-05-16T16:54:17+07:00,0,False,api,1
7640190342734889749,tgalord7,https://www.tiktok.com/@tgalord7,una temporada o película?,,1778870458,https://www.tiktok.com/@rioolite6969/video/7640139051508534535,7640139051508534535,rioolite6969,Tensei shitara Slime Datta Ken,2026-05-16T16:54:17+07:00,0,False,api,1
7640308756555465493,tuancong2282,https://www.tiktok.com/@tuancong2282,Nếu là Shion hay Testarosa thì liệu bình yên như Shuna 0 à?,,1778898027,https://www.tiktok.com/@rioolite6969/video/7640139051508534535,7640139051508534535,rioolite6969,Tensei shitara Slime Datta Ken,2026-05-16T16:54:19+07:00,7640186974707876626,False,api,1
7640368504977998610,tothin67,https://www.tiktok.com/@tothin67,sợ là ko còn cả linh hồn chứ đừng nói tới thể xác😇,,1778911928,https://www.tiktok.com/@rioolite6969/video/7640139051508534535,7640139051508534535,rioolite6969,Tensei shitara Slime Datta Ken,2026-05-16T16:54:19+07:00,7640186974707876626,False,api,1
7640222934426469141,thim8216,https://www.tiktok.com/@thim8216,Lên animevietsub í,,1778878046,https://www.tiktok.com/@rioolite6969/video/7640139051508534535,7640139051508534535,rioolite6969,Tensei shitara Slime Datta Ken,2026-05-16T16:54:19+07:00,7640186974707876626,False,api,1
7640207310320780040,liltanh263_02,https://www.tiktok.com/@liltanh263_02,Muse nó mua bản quyền rồi nma nó sẽ ra sau fpt vì ra cùng fpt thì fpt sao kiếm ăn dc lên muse sẽ ra chậm hơn fpt và các web lậu 1 tuần,4.0,1778874396,https://www.tiktok.com/@rioolite6969/video/7640139051508534535,7640139051508534535,rioolite6969,Tensei shitara Slime Datta Ken,2026-05-16T16:54:23+07:00,7640186974707876626,False,api,1
7640210101010367240,minhsaid6,https://www.tiktok.com/@minhsaid6,thanks,,1778875049,https://www.tiktok.com/@rioolite6969/video/7640139051508534535,7640139051508534535,rioolite6969,Tensei shitara Slime Datta Ken,2026-05-16T16:54:23+07:00,7640186974707876626,False,api,1
7640193888635929360,vinhho.521,https://www.tiktok.com/@vinhho.521,🤡 muse có thông báo từ đầu là ra sau nhật 1 tập mà nếu bạn lên wed thì sẽ coi được tập này thôi,,1778871283,https://www.tiktok.com/@rioolite6969/video/7640139051508534535,7640139051508534535,rioolite6969,Tensei shitara Slime Datta Ken,2026-05-16T16:54:23+07:00,7640186974707876626,False,api,1
7640187153054958343,chloe_aubert69,https://www.tiktok.com/@chloe_aubert69,"ra 1 lượt chứ chậm gì, xem ytb thì chậm là đúng",,1778869713,https://www.tiktok.com/@rioolite6969/video/7640139051508534535,7640139051508534535,rioolite6969,Tensei shitara Slime Datta Ken,2026-05-16T16:54:26+07:00,7640186974707876626,False,api,1
7640207385818678034,liltanh263_02,https://www.tiktok.com/@liltanh263_02,Bro muốn coi luôn thì anmvietsub,,1778874420,https://www.tiktok.com/@rioolite6969/video/7640139051508534535,7640139051508534535,rioolite6969,Tensei shitara Slime Datta Ken,2026-05-16T16:54:26+07:00,7640186974707876626,False,api,1
7640353233358308109,thepierrotsmemories,https://www.tiktok.com/@thepierrotsmemories,aura fr,2.0,1778908426,https://www.tiktok.com/@rioolite6969/video/7640139051508534535,7640139051508534535,rioolite6969,Tensei shitara Slime Datta Ken,2026-05-16T16:54:30+07:00,7640192775196508935,False,api,1
7640323494916702983,zaneq99_,https://www.tiktok.com/@zaneq99_,The manga of this anime was released way before jjk btw,2.0,1778901454,https://www.tiktok.com/@rioolite6969/video/7640139051508534535,7640139051508534535,rioolite6969,Tensei shitara Slime Datta Ken,2026-05-16T16:54:35+07:00,7640301652931068679,False,api,1
7640303864469635861,fzstuxent,https://www.tiktok.com/@fzstuxent,It was holy spell disintegration 😏 How in the world people camparing this Peak to the JJK 😂,1.0,1778896880,https://www.tiktok.com/@rioolite6969/video/7640139051508534535,7640139051508534535,rioolite6969,Tensei shitara Slime Datta Ken,2026-05-16T16:54:35+07:00,7640301652931068679,False,api,1
7640306973447324423,fudayyyss,https://www.tiktok.com/@fudayyyss,"No she use disentigration it has a 4 variations that is Standard, Multi-stage, Trinity, and Sanctuary disentigration. Multi-stage disentigration already shown when diablo fighting one of primordials",,1778897600,https://www.tiktok.com/@rioolite6969/video/7640139051508534535,7640139051508534535,rioolite6969,Tensei shitara Slime Datta Ken,2026-05-16T16:54:35+07:00,7640301652931068679,False,api,1
7640321637476614928,hieunemay.6402,https://www.tiktok.com/@hieunemay.6402,ss4-ep6,,1778901015,https://www.tiktok.com/@rioolite6969/video/7640139051508534535,7640139051508534535,rioolite6969,Tensei shitara Slime Datta Ken,2026-05-16T16:54:39+07:00,7640293304878072597,False,api,1
7640329965670531860,amonebillions8,https://www.tiktok.com/@amonebillions8,Thanks,,1778902966,https://www.tiktok.com/@rioolite6969/video/7640139051508534535,7640139051508534535,rioolite6969,Tensei shitara Slime Datta Ken,2026-05-16T16:54:39+07:00,7640293304878072597,False,api,1
7640321540874355473,hieunemay.6402,https://www.tiktok.com/@hieunemay.6402,that time i got reincarnated as a slime,,1778901000,https://www.tiktok.com/@rioolite6969/video/7640139051508534535,7640139051508534535,rioolite6969,Tensei shitara Slime Datta Ken,2026-05-16T16:54:39+07:00,7640293304878072597,False,api,1
dom_50f560f2,minhsaid6,https://www.tiktok.com/@minhsaid6,bên Việt mình ra chậm quá hóng quá hóng r,,,https://www.tiktok.com/@rioolite6969/video/7640139051508534535,7640139051508534535,rioolite6969,Tensei shitara Slime Datta Ken,2026-05-16T16:54:43+07:00,,False,dom,1
dom_7c64f02e,ᥫ᭡.☪ų_ßéℴ.,https://www.tiktok.com/@tuancong2282,Nếu là Shion hay Testarosa thì liệu bình yên như Shuna 0 à?,,,https://www.tiktok.com/@rioolite6969/video/7640139051508534535,7640139051508534535,rioolite6969,Tensei shitara Slime Datta Ken,2026-05-16T16:54:43+07:00,,True,dom,1
dom_5b291bf0,melody,https://www.tiktok.com/@tothin67,sợ là ko còn cả linh hồn chứ đừng nói tới thể xác😇,,,https://www.tiktok.com/@rioolite6969/video/7640139051508534535,7640139051508534535,rioolite6969,Tensei shitara Slime Datta Ken,2026-05-16T16:54:43+07:00,,True,dom,1
dom_1603d8ac,????,https://www.tiktok.com/@thim8216,Lên animevietsub í,,,https://www.tiktok.com/@rioolite6969/video/7640139051508534535,7640139051508534535,rioolite6969,Tensei shitara Slime Datta Ken,2026-05-16T16:54:43+07:00,,True,dom,1
dom_92946a6,Em Tanh Thư Giãn 🙂,https://www.tiktok.com/@liltanh263_02,Muse nó mua bản quyền rồi nma nó sẽ ra sau fpt vì ra cùng fpt thì fpt sao kiếm ăn dc lên muse sẽ ra chậm hơn fpt và các web lậu 1 tuần,,,https://www.tiktok.com/@rioolite6969/video/7640139051508534535,7640139051508534535,rioolite6969,Tensei shitara Slime Datta Ken,2026-05-16T16:54:43+07:00,,True,dom,1
dom_390e8285,minhsaid6,https://www.tiktok.com/@minhsaid6,thanks,,,https://www.tiktok.com/@rioolite6969/video/7640139051508534535,7640139051508534535,rioolite6969,Tensei shitara Slime Datta Ken,2026-05-16T16:54:43+07:00,,True,dom,1
dom_1c86c389,chịurồi🤪🏎️,https://www.tiktok.com/@vinhho.521,🤡 muse có thông báo từ đầu là ra sau nhật 1 tập mà nếu bạn lên wed thì sẽ coi được tập này thôi,,,https://www.tiktok.com/@rioolite6969/video/7640139051508534535,7640139051508534535,rioolite6969,Tensei shitara Slime Datta Ken,2026-05-16T16:54:43+07:00,,True,dom,1
dom_27f04cc2,Chloe❤️,https://www.tiktok.com/@chloe_aubert69,"ra 1 lượt chứ chậm gì, xem ytb thì chậm là đúng",,,https://www.tiktok.com/@rioolite6969/video/7640139051508534535,7640139051508534535,rioolite6969,Tensei shitara Slime Datta Ken,2026-05-16T16:54:43+07:00,,True,dom,1
dom_3c3193e4,Em Tanh Thư Giãn 🙂,https://www.tiktok.com/@liltanh263_02,Bro muốn coi luôn thì anmvietsub,,,https://www.tiktok.com/@rioolite6969/video/7640139051508534535,7640139051508534535,rioolite6969,Tensei shitara Slime Datta Ken,2026-05-16T16:54:43+07:00,,True,dom,1
dom_28113d0f,Arnolddd.w,https://www.tiktok.com/@arnolddd.w,she was smilling the whole time💀,,,https://www.tiktok.com/@rioolite6969/video/7640139051508534535,7640139051508534535,rioolite6969,Tensei shitara Slime Datta Ken,2026-05-16T16:54:43+07:00,,False,dom,1
dom_64c546d0,JLT,https://www.tiktok.com/@thepierrotsmemories,aura fr,,,https://www.tiktok.com/@rioolite6969/video/7640139051508534535,7640139051508534535,rioolite6969,Tensei shitara Slime Datta Ken,2026-05-16T16:54:43+07:00,,True,dom,1
dom_319f5fbd,Trường 😒,https://www.tiktok.com/@truong3cong3bang6,nhìn chị mua nè mấy cưng,,,https://www.tiktok.com/@rioolite6969/video/7640139051508534535,7640139051508534535,rioolite6969,Tensei shitara Slime Datta Ken,2026-05-16T16:54:43+07:00,,False,dom,1
dom_6e07f279,Tovar Alexis,https://www.tiktok.com/@alefungus,[Sticker],,,https://www.tiktok.com/@rioolite6969/video/7640139051508534535,7640139051508534535,rioolite6969,Tensei shitara Slime Datta Ken,2026-05-16T16:54:43+07:00,,False,dom,1
dom_130fb523,◉‿◉,https://www.tiktok.com/@shui_367,did she just did jutsu + domain expansion?!!,,,https://www.tiktok.com/@rioolite6969/video/7640139051508534535,7640139051508534535,rioolite6969,Tensei shitara Slime Datta Ken,2026-05-16T16:54:43+07:00,,False,dom,1
dom_efdd45c,zayy,https://www.tiktok.com/@zaneq99_,The manga of this anime was released way before jjk btw,,,https://www.tiktok.com/@rioolite6969/video/7640139051508534535,7640139051508534535,rioolite6969,Tensei shitara Slime Datta Ken,2026-05-16T16:54:43+07:00,,True,dom,1
dom_166ecfab,⊶,https://www.tiktok.com/@fzstuxent,It was holy spell disintegration 😏 How in the world people camparing this Peak to the JJK 😂,,,https://www.tiktok.com/@rioolite6969/video/7640139051508534535,7640139051508534535,rioolite6969,Tensei shitara Slime Datta Ken,2026-05-16T16:54:43+07:00,,True,dom,1
dom_50184f78,Rize,https://www.tiktok.com/@fudayyyss,"No she use disentigration it has a 4 variations that is Standard, Multi-stage, Trinity, and Sanctuary disentigration. Multi-stage disentigration already shown when diablo fighting one of primordials",,,https://www.tiktok.com/@rioolite6969/video/7640139051508534535,7640139051508534535,rioolite6969,Tensei shitara Slime Datta Ken,2026-05-16T16:54:43+07:00,,True,dom,1
dom_7da4ae3b,Users Not Found🎰💰,https://www.tiktok.com/@amonebillions8,Anime name,,,https://www.tiktok.com/@rioolite6969/video/7640139051508534535,7640139051508534535,rioolite6969,Tensei shitara Slime Datta Ken,2026-05-16T16:54:43+07:00,,False,dom,1
dom_7d5267a0,đọc và miss,https://www.tiktok.com/@hieunemay.6402,ss4-ep6,,,https://www.tiktok.com/@rioolite6969/video/7640139051508534535,7640139051508534535,rioolite6969,Tensei shitara Slime Datta Ken,2026-05-16T16:54:43+07:00,,True,dom,1
dom_27cbfeb2,Users Not Found🎰💰,https://www.tiktok.com/@amonebillions8,Thanks,,,https://www.tiktok.com/@rioolite6969/video/7640139051508534535,7640139051508534535,rioolite6969,Tensei shitara Slime Datta Ken,2026-05-16T16:54:43+07:00,,True,dom,1
dom_6761dba0,đọc và miss,https://www.tiktok.com/@hieunemay.6402,that time i got reincarnated as a slime,,,https://www.tiktok.com/@rioolite6969/video/7640139051508534535,7640139051508534535,rioolite6969,Tensei shitara Slime Datta Ken,2026-05-16T16:54:43+07:00,,True,dom,1
dom_1856649a,agente 169,https://www.tiktok.com/@agente_925,sukuna referente 😬,,,https://www.tiktok.com/@rioolite6969/video/7640139051508534535,7640139051508534535,rioolite6969,Tensei shitara Slime Datta Ken,2026-05-16T16:54:43+07:00,,False,dom,1
dom_53999e02,Oel Ngati Kameie Lo'ak,https://www.tiktok.com/@oel_kgati_kameie,ra thêm đc bn tập r vậy,,,https://www.tiktok.com/@rioolite6969/video/7640139051508534535,7640139051508534535,rioolite6969,Tensei shitara Slime Datta Ken,2026-05-16T16:54:43+07:00,,False,dom,1
dom_4385fb5f,brolyn,https://www.tiktok.com/@brolyn47,pls where can I watch this episode 😭🙏,,,https://www.tiktok.com/@rioolite6969/video/7640139051508534535,7640139051508534535,rioolite6969,Tensei shitara Slime Datta Ken,2026-05-16T16:54:43+07:00,,False,dom,1
dom_1cdeae60,0xxhentaixx0,https://www.tiktok.com/@0xxhentaixx0,[Sticker],,,https://www.tiktok.com/@rioolite6969/video/7640139051508534535,7640139051508534535,rioolite6969,Tensei shitara Slime Datta Ken,2026-05-16T16:54:43+07:00,,False,dom,1
dom_5909d9c5,Mr.handsome,https://www.tiktok.com/@mrtayoler,What episode was this?,,,https://www.tiktok.com/@rioolite6969/video/7640139051508534535,7640139051508534535,rioolite6969,Tensei shitara Slime Datta Ken,2026-05-16T16:54:43+07:00,,False,dom,1
dom_189c1902,Steve,https://www.tiktok.com/@charleshope3,[Sticker],,,https://www.tiktok.com/@rioolite6969/video/7640139051508534535,7640139051508534535,rioolite6969,Tensei shitara Slime Datta Ken,2026-05-16T16:54:43+07:00,,False,dom,1
dom_40eff5ce,Nguyễn Thị Cẩm Lan,https://www.tiktok.com/@kemchanh1234,Coi chị múa nè,,,https://www.tiktok.com/@rioolite6969/video/7640139051508534535,7640139051508534535,rioolite6969,Tensei shitara Slime Datta Ken,2026-05-16T16:54:43+07:00,,False,dom,1
dom_6791fe6,tonyn1307,https://www.tiktok.com/@tonyn1307,"Even though Shuna isn’t specialized in close combat, he still lost to a princess and a mage, so how could he possibly stand a chance against Demon Lord Rimuru Tempest?",,,https://www.tiktok.com/@rioolite6969/video/7640139051508534535,7640139051508534535,rioolite6969,Tensei shitara Slime Datta Ken,2026-05-16T16:54:43+07:00,,False,dom,1
dom_43b41eb8,Katarunabluu,https://www.tiktok.com/@alfamarsha,Saintess of Tempest,,,https://www.tiktok.com/@rioolite6969/video/7640139051508534535,7640139051508534535,rioolite6969,Tensei shitara Slime Datta Ken,2026-05-16T16:54:43+07:00,,False,dom,1
dom_1b903f27,𝕶𝖎𝖗𝖎𝖙𝖔,https://www.tiktok.com/@76iamhappy9,anime name🥺🥰,,,https://www.tiktok.com/@rioolite6969/video/7640139051508534535,7640139051508534535,rioolite6969,Tensei shitara Slime Datta Ken,2026-05-16T16:54:43+07:00,,False,dom,1
dom_144e2b01,Mẹ thiên hạ,https://www.tiktok.com/@tpk12304,Mê bả cực,,,https://www.tiktok.com/@rioolite6969/video/7640139051508534535,7640139051508534535,rioolite6969,Tensei shitara Slime Datta Ken,2026-05-16T16:54:43+07:00,,False,dom,1
dom_228485ca,Lynx♡,https://www.tiktok.com/@lunarlynx186,The real secretary jk😭,,,https://www.tiktok.com/@rioolite6969/video/7640139051508534535,7640139051508534535,rioolite6969,Tensei shitara Slime Datta Ken,2026-05-16T16:54:43+07:00,,False,dom,1
dom_2f45fbea,เปา เปา,https://www.tiktok.com/@teem5080,สะใจ😂,,,https://www.tiktok.com/@rioolite6969/video/7640139051508534535,7640139051508534535,rioolite6969,Tensei shitara Slime Datta Ken,2026-05-16T16:54:43+07:00,,False,dom,1
dom_53047d28,T-GALORD,https://www.tiktok.com/@tgalord7,una temporada o película?,,,https://www.tiktok.com/@rioolite6969/video/7640139051508534535,7640139051508534535,rioolite6969,Tensei shitara Slime Datta Ken,2026-05-16T16:54:43+07:00,,False,dom,1
7640410266718438162,abdullah93889,https://www.tiktok.com/@abdullah93889,[Sticker],,1778921647,https://www.tiktok.com/@rioolite6969/video/7640139051508534535,7640139051508534535,rioolite6969,Tensei shitara Slime Datta Ken,2026-05-16T16:54:43+07:00,0,False,api,1
7640140578995815176,ake.joel,https://www.tiktok.com/@ake.joel,First 😮‍💨,11.0,1778858864,https://www.tiktok.com/@rioolite6969/video/7640139051508534535,7640139051508534535,rioolite6969,Tensei shitara Slime Datta Ken,2026-05-16T16:54:43+07:00,0,False,api,1
7640318370496676629,giayquytim,https://www.tiktok.com/@giayquytim,Aikido?,,1778900274,https://www.tiktok.com/@rioolite6969/video/7640139051508534535,7640139051508534535,rioolite6969,Tensei shitara Slime Datta Ken,2026-05-16T16:54:43+07:00,0,False,api,1
7640390665150530320,nnyky,https://www.tiktok.com/@nnyky,[Sticker],,1778917085,https://www.tiktok.com/@rioolite6969/video/7640139051508534535,7640139051508534535,rioolite6969,Tensei shitara Slime Datta Ken,2026-05-16T16:54:43+07:00,0,False,api,1
7640318621408264980,xilarksensei,https://www.tiktok.com/@xilarksensei,ya kali Sunna kalah lawan npc🗿,,1778900326,https://www.tiktok.com/@rioolite6969/video/7640139051508534535,7640139051508534535,rioolite6969,Tensei shitara Slime Datta Ken,2026-05-16T16:54:43+07:00,0,False,api,1
7640187418591953672,fr._xoxo0,https://www.tiktok.com/@fr._xoxo0,[Sticker],6.0,1778869775,https://www.tiktok.com/@rioolite6969/video/7640139051508534535,7640139051508534535,rioolite6969,Tensei shitara Slime Datta Ken,2026-05-16T16:54:43+07:00,0,False,api,1
7640299124563526408,ruangomes312,https://www.tiktok.com/@ruangomes312,aonde saiu que não tem na cruncgyrrol???,,1778895784,https://www.tiktok.com/@rioolite6969/video/7640139051508534535,7640139051508534535,rioolite6969,Tensei shitara Slime Datta Ken,2026-05-16T16:54:43+07:00,0,False,api,1
7640325543489733384,grover9846,https://www.tiktok.com/@grover9846,[Sticker],,1778901927,https://www.tiktok.com/@rioolite6969/video/7640139051508534535,7640139051508534535,rioolite6969,Tensei shitara Slime Datta Ken,2026-05-16T16:54:43+07:00,0,False,api,1
7640341351892927248,ivancos44,https://www.tiktok.com/@ivancos44,q mujer shuna,,1778905625,https://www.tiktok.com/@rioolite6969/video/7640139051508534535,7640139051508534535,rioolite6969,Tensei shitara Slime Datta Ken,2026-05-16T16:54:43+07:00,0,False,api,1
7640318008746230529,charleshope3,https://www.tiktok.com/@charleshope3,[Sticker],,1778900178,https://www.tiktok.com/@rioolite6969/video/7640139051508534535,7640139051508534535,rioolite6969,Tensei shitara Slime Datta Ken,2026-05-16T16:54:43+07:00,0,False,api,1
7640180041938289409,_oleksandr02_,https://www.tiktok.com/@_oleksandr02_,[Sticker],1.0,1778868055,https://www.tiktok.com/@rioolite6969/video/7640139051508534535,7640139051508534535,rioolite6969,Tensei shitara Slime Datta Ken,2026-05-16T16:54:43+07:00,0,False,api,1
7640152861669737223,sekozen_,https://www.tiktok.com/@sekozen_,[Sticker] 🗿🔥,2.0,1778861718,https://www.tiktok.com/@rioolite6969/video/7640139051508534535,7640139051508534535,rioolite6969,Tensei shitara Slime Datta Ken,2026-05-16T16:54:43+07:00,0,False,api,1
7640266707354043156,betosoyyo,https://www.tiktok.com/@betosoyyo,"derramando mucha aura gente,🥹🥹💞",,1778888256,https://www.tiktok.com/@rioolite6969/video/7640139051508534535,7640139051508534535,rioolite6969,Tensei shitara Slime Datta Ken,2026-05-16T16:54:43+07:00,0,False,api,1
7640309531981333256,yanz.kerjo.tok80,https://www.tiktok.com/@yanz.kerjo.tok80,[Sticker],,1778898198,https://www.tiktok.com/@rioolite6969/video/7640139051508534535,7640139051508534535,rioolite6969,Tensei shitara Slime Datta Ken,2026-05-16T16:54:43+07:00,0,False,api,1
7640224757573944072,mynameisrey083,https://www.tiktok.com/@mynameisrey083,[Sticker],1.0,1778878470,https://www.tiktok.com/@rioolite6969/video/7640139051508534535,7640139051508534535,rioolite6969,Tensei shitara Slime Datta Ken,2026-05-16T16:54:43+07:00,0,False,api,1
7640301231609053970,yume_74343,https://www.tiktok.com/@yume_74343,[Sticker],,1778896268,https://www.tiktok.com/@rioolite6969/video/7640139051508534535,7640139051508534535,rioolite6969,Tensei shitara Slime Datta Ken,2026-05-16T16:54:43+07:00,0,False,api,1
7640285190690636565,nurtilektj,https://www.tiktok.com/@nurtilektj,[Sticker],,1778892542,https://www.tiktok.com/@rioolite6969/video/7640139051508534535,7640139051508534535,rioolite6969,Tensei shitara Slime Datta Ken,2026-05-16T16:54:43+07:00,0,False,api,1
7640343435362517778,kitsune2201,https://www.tiktok.com/@kitsune2201,[Sticker],,1778906090,https://www.tiktok.com/@rioolite6969/video/7640139051508534535,7640139051508534535,rioolite6969,Tensei shitara Slime Datta Ken,2026-05-16T16:54:43+07:00,0,False,api,1
7640201750855795477,enriquevidaurrearancibi,https://www.tiktok.com/@enriquevidaurrearancibi,[Sticker],,1778873118,https://www.tiktok.com/@rioolite6969/video/7640139051508534535,7640139051508534535,rioolite6969,Tensei shitara Slime Datta Ken,2026-05-16T16:54:43+07:00,0,False,api,1
7640303950415889172,fzstuxent,https://www.tiktok.com/@fzstuxent,[Sticker],,1778896907,https://www.tiktok.com/@rioolite6969/video/7640139051508534535,7640139051508534535,rioolite6969,Tensei shitara Slime Datta Ken,2026-05-16T16:54:43+07:00,0,False,api,1
7640161143705174801,anime.s164,https://www.tiktok.com/@anime.s164,[Sticker] si solo estuviera sukuna,5.0,1778863664,https://www.tiktok.com/@rioolite6969/video/7640139051508534535,7640139051508534535,rioolite6969,Tensei shitara Slime Datta Ken,2026-05-16T16:55:06+07:00,7640148102234555154,False,api,1
7640200647731921671,mhaaaaak01,https://www.tiktok.com/@mhaaaaak01,[Sticker],1.0,1778872844,https://www.tiktok.com/@rioolite6969/video/7640139051508534535,7640139051508534535,rioolite6969,Tensei shitara Slime Datta Ken,2026-05-16T16:55:06+07:00,7640148102234555154,False,api,1
7640322514129027858,umcafetaochamadomaciota0,https://www.tiktok.com/@umcafetaochamadomaciota0,qual foi a referência ?,,1778901224,https://www.tiktok.com/@rioolite6969/video/7640139051508534535,7640139051508534535,rioolite6969,Tensei shitara Slime Datta Ken,2026-05-16T16:55:06+07:00,7640148102234555154,False,api,1
7640266820771889921,joseal325,https://www.tiktok.com/@joseal325,[Sticker],,1778888306,https://www.tiktok.com/@rioolite6969/video/7640139051508534535,7640139051508534535,rioolite6969,Tensei shitara Slime Datta Ken,2026-05-16T16:55:10+07:00,7640148102234555154,False,api,1
7640257075616531221,yefrin_gamarra,https://www.tiktok.com/@yefrin_gamarra,referencia a Sukuna? perdón bro es que no entendi,,1778886356,https://www.tiktok.com/@rioolite6969/video/7640139051508534535,7640139051508534535,rioolite6969,Tensei shitara Slime Datta Ken,2026-05-16T16:55:10+07:00,7640148102234555154,False,api,1
7640222241004012308,userfsxqbpcuez,https://www.tiktok.com/@userfsxqbpcuez,ss4 ra tập 6 r nhen,,1778877886,https://www.tiktok.com/@rioolite6969/video/7640139051508534535,7640139051508534535,rioolite6969,Tensei shitara Slime Datta Ken,2026-05-16T16:55:13+07:00,7640189614023918356,False,api,1
7640362935755326229,oel_kgati_kameie,https://www.tiktok.com/@oel_kgati_kameie,ok thanks,,1778910632,https://www.tiktok.com/@rioolite6969/video/7640139051508534535,7640139051508534535,rioolite6969,Tensei shitara Slime Datta Ken,2026-05-16T16:55:13+07:00,7640189614023918356,False,api,1
dom_68b81f0f,❃Alex ❀,https://www.tiktok.com/@anime.s164,[Sticker] si solo estuviera sukuna,,,https://www.tiktok.com/@rioolite6969/video/7640139051508534535,7640139051508534535,rioolite6969,Tensei shitara Slime Datta Ken,2026-05-16T16:55:14+07:00,,True,dom,1
7640352852609270535,nkduy1912,https://www.tiktok.com/@nkduy1912,cục vàng của chủ tịch mà🥰,242.0,1778908288,https://www.tiktok.com/@_ducaaa.04/video/7640290963520228626,7640290963520228626,_ducaaa.04,Tensei shitara Slime Datta Ken,2026-05-16T16:55:20+07:00,0,False,api,2
7640408722851250962,khalinhxinhgai,https://www.tiktok.com/@khalinhxinhgai,quyết tâm đợi full mới xem,,1778921295,https://www.tiktok.com/@_ducaaa.04/video/7640290963520228626,7640290963520228626,_ducaaa.04,Tensei shitara Slime Datta Ken,2026-05-16T16:55:20+07:00,0,False,api,2
7640424947441304338,zwuy_98,https://www.tiktok.com/@zwuy_98,K coá đăng nky à shop:),,1778925069,https://www.tiktok.com/@_ducaaa.04/video/7640290963520228626,7640290963520228626,_ducaaa.04,Tensei shitara Slime Datta Ken,2026-05-16T16:55:20+07:00,0,False,api,2
7640414518246605588,harin_045,https://www.tiktok.com/@harin_045,hơi hok liên quan xíu nhưng mà có shion hok ạ ( nếu lm mn khó chịu thì cho em xin lỗi ạ),,1778922652,https://www.tiktok.com/@_ducaaa.04/video/7640290963520228626,7640290963520228626,_ducaaa.04,Tensei shitara Slime Datta Ken,2026-05-16T16:55:20+07:00,0,False,api,2
7640402764484461319,nh.akhoa8,https://www.tiktok.com/@nh.akhoa8,lúc đầu tưởng bả yếu ai mờ mạnh cở ma vương🥰,1.0,1778919902,https://www.tiktok.com/@_ducaaa.04/video/7640290963520228626,7640290963520228626,_ducaaa.04,Tensei shitara Slime Datta Ken,2026-05-16T16:55:20+07:00,0,False,api,2
7640368062139745032,darklord0903,https://www.tiktok.com/@darklord0903,SpoiI em cái kết th đó với ạ :)))),7.0,1778911829,https://www.tiktok.com/@_ducaaa.04/video/7640290963520228626,7640290963520228626,_ducaaa.04,Tensei shitara Slime Datta Ken,2026-05-16T16:55:20+07:00,0,False,api,2
7640369163990467336,hocbabanfifai,https://www.tiktok.com/@hocbabanfifai,bị lột sạch đồ=)),36.0,1778912077,https://www.tiktok.com/@_ducaaa.04/video/7640290963520228626,7640290963520228626,_ducaaa.04,Tensei shitara Slime Datta Ken,2026-05-16T16:55:20+07:00,7640368062139745032,True,api,2
7640364324506796808,khau2385674,https://www.tiktok.com/@khau2385674,Này là phần mấy á? Tui coi trên Muse chưa thấy tới phần này,1.0,1778910958,https://www.tiktok.com/@_ducaaa.04/video/7640290963520228626,7640290963520228626,_ducaaa.04,Tensei shitara Slime Datta Ken,2026-05-16T16:55:20+07:00,0,False,api,2
7640364735648776978,shiora_30,https://www.tiktok.com/@shiora_30,muse bị trễ 1 tập so với thực tế á bạn,3.0,1778911049,https://www.tiktok.com/@_ducaaa.04/video/7640290963520228626,7640290963520228626,_ducaaa.04,Tensei shitara Slime Datta Ken,2026-05-16T16:55:20+07:00,7640364324506796808,True,api,2
7640378987751539473,blabla181124,https://www.tiktok.com/@blabla181124,ss4 này nhiu tập trời ko lẽ mariabell nghẻo cái hết ss4 chứ t hóng dàn siêu xe mà 😭,4.0,1778914382,https://www.tiktok.com/@_ducaaa.04/video/7640290963520228626,7640290963520228626,_ducaaa.04,Tensei shitara Slime Datta Ken,2026-05-16T16:55:20+07:00,0,False,api,2
7640383635947586311,_ducaaa.04,https://www.tiktok.com/@_ducaaa.04,"- Tới tập dàn siêu xe nha, chỉ là hơi lâu thôi. Cảnh trên video đang là chap 124 trên manga, mà tập có dàn siêu xe là chap 135. Season 4 tận 50 nên kịp hết á. Đừng lo nè.",,1778915454,https://www.tiktok.com/@_ducaaa.04/video/7640290963520228626,7640290963520228626,_ducaaa.04,Tensei shitara Slime Datta Ken,2026-05-16T16:55:20+07:00,7640378987751539473,True,api,2
7640350505231729416,hoshinasubaru27,https://www.tiktok.com/@hoshinasubaru27,tập mấy ss mấy v ạ,1.0,1778907740,https://www.tiktok.com/@_ducaaa.04/video/7640290963520228626,7640290963520228626,_ducaaa.04,Tensei shitara Slime Datta Ken,2026-05-16T16:55:20+07:00,0,False,api,2
7640351101723919122,_ducaaa.04,https://www.tiktok.com/@_ducaaa.04,tập 6 ss4 nha,2.0,1778907874,https://www.tiktok.com/@_ducaaa.04/video/7640290963520228626,7640290963520228626,_ducaaa.04,Tensei shitara Slime Datta Ken,2026-05-16T16:55:20+07:00,7640350505231729416,True,api,2
7640412138360177428,_2707_02,https://www.tiktok.com/@_2707_02,ss4 full chưa mng. để tui cày lại từ đầu qua ss4 luôn,,1778922095,https://www.tiktok.com/@_ducaaa.04/video/7640290963520228626,7640290963520228626,_ducaaa.04,Tensei shitara Slime Datta Ken,2026-05-16T16:55:20+07:00,0,False,api,2
7640399561940828948,bithuii.0901,https://www.tiktok.com/@bithuii.0901,ủa đây là phần nào hay tập nào v mng lâu r t chưa xem nên k biết,,1778919166,https://www.tiktok.com/@_ducaaa.04/video/7640290963520228626,7640290963520228626,_ducaaa.04,Tensei shitara Slime Datta Ken,2026-05-16T16:55:20+07:00,0,False,api,2
7640343264118276885,tranthuha19,https://www.tiktok.com/@tranthuha19,xem ở dou v tus ơi,3.0,1778906063,https://www.tiktok.com/@_ducaaa.04/video/7640290963520228626,7640290963520228626,_ducaaa.04,Tensei shitara Slime Datta Ken,2026-05-16T16:55:20+07:00,0,False,api,2
7640350716464874248,_ducaaa.04,https://www.tiktok.com/@_ducaaa.04,"tớ xem ở app MyTv á, cậu tải app hoặc lên gg gõ tên phim + MyTv xem thử nha",3.0,1778907786,https://www.tiktok.com/@_ducaaa.04/video/7640290963520228626,7640290963520228626,_ducaaa.04,Tensei shitara Slime Datta Ken,2026-05-16T16:55:20+07:00,7640343264118276885,True,api,2
7640379823449899797,khobaoonepice,https://www.tiktok.com/@khobaoonepice,Cái phim one piece có khi hết sớm hơn phim này nữa ra lâu dữ thần,,1778914571,https://www.tiktok.com/@_ducaaa.04/video/7640290963520228626,7640290963520228626,_ducaaa.04,Tensei shitara Slime Datta Ken,2026-05-16T16:55:20+07:00,0,False,api,2
7640383805463380744,_ducaaa.04,https://www.tiktok.com/@_ducaaa.04,"Phim OP ra trước phim này mà, sao so vậy được",1.0,1778915490,https://www.tiktok.com/@_ducaaa.04/video/7640290963520228626,7640290963520228626,_ducaaa.04,Tensei shitara Slime Datta Ken,2026-05-16T16:55:20+07:00,7640379823449899797,True,api,2
7640353357270467349,meo_choi_erin,https://www.tiktok.com/@meo_choi_erin,[Sticker] có bản lồng tiếng chx ạ,9.0,1778908409,https://www.tiktok.com/@_ducaaa.04/video/7640290963520228626,7640290963520228626,_ducaaa.04,Tensei shitara Slime Datta Ken,2026-05-16T16:55:20+07:00,0,False,api,2
7640354140472148743,_ducaaa.04,https://www.tiktok.com/@_ducaaa.04,"[Sticker] chưa nha, phần vietsub vẫn còn rất lâu nữa mới end. Chưa ra hết vietsub thì lồng tiếng còn lâu lắm",8.0,1778908583,https://www.tiktok.com/@_ducaaa.04/video/7640290963520228626,7640290963520228626,_ducaaa.04,Tensei shitara Slime Datta Ken,2026-05-16T16:55:20+07:00,7640353357270467349,True,api,2
7640425978073858836,hethoi133z,https://www.tiktok.com/@hethoi133z,Anime nông trại kiki,,1778925313,https://www.tiktok.com/@_ducaaa.04/video/7640290963520228626,7640290963520228626,_ducaaa.04,Tensei shitara Slime Datta Ken,2026-05-16T16:55:20+07:00,0,False,api,2
7640344195769942792,khanghuy047,https://www.tiktok.com/@khanghuy047,huhu sao cứ gặp ai sài quạt là thấy slay với đẹp hơn bình thường đã vậy cổ còn biết sài phép nữa,175.0,1778906271,https://www.tiktok.com/@_ducaaa.04/video/7640290963520228626,7640290963520228626,_ducaaa.04,Tensei shitara Slime Datta Ken,2026-05-16T16:55:20+07:00,0,False,api,2
7640293501556835093,nchi.253,https://www.tiktok.com/@nchi.253,cho mik xin tên phim đc ko bạn,,1778894473,https://www.tiktok.com/@_ducaaa.04/video/7640290963520228626,7640290963520228626,_ducaaa.04,Tensei shitara Slime Datta Ken,2026-05-16T16:55:20+07:00,0,False,api,2
7640320883610206996,booquao,https://www.tiktok.com/@booquao,coi ở bilibili đúng ko chủ tus,1.0,1778900857,https://www.tiktok.com/@_ducaaa.04/video/7640290963520228626,7640290963520228626,_ducaaa.04,Tensei shitara Slime Datta Ken,2026-05-16T16:55:20+07:00,0,False,api,2
7640350816515261191,_ducaaa.04,https://www.tiktok.com/@_ducaaa.04,"tớ xem ở app MyTv á, cậu tải app hoặc lên gg gõ tên phim + MyTv xem thử nha",,1778907806,https://www.tiktok.com/@_ducaaa.04/video/7640290963520228626,7640290963520228626,_ducaaa.04,Tensei shitara Slime Datta Ken,2026-05-16T16:55:20+07:00,7640320883610206996,True,api,2
7640358012896625424,_yoanh_0802,https://www.tiktok.com/@_yoanh_0802,Đang hỏi sao tập này lạ thế tại mới xem hết tập 5 hôm qua =)),,1778909482,https://www.tiktok.com/@_ducaaa.04/video/7640290963520228626,7640290963520228626,_ducaaa.04,Tensei shitara Slime Datta Ken,2026-05-16T16:55:20+07:00,0,False,api,2
7640369631082103560,victor_9528,https://www.tiktok.com/@victor_9528,t6 mới ra hqua ấy b,1.0,1778912193,https://www.tiktok.com/@_ducaaa.04/video/7640290963520228626,7640290963520228626,_ducaaa.04,Tensei shitara Slime Datta Ken,2026-05-16T16:55:20+07:00,7640358012896625424,True,api,2
7640413086675485457,changtraicuamua5,https://www.tiktok.com/@changtraicuamua5,vẻ bề ngoài không giống sức mạnh của ẻm 😂,,1778922309,https://www.tiktok.com/@_ducaaa.04/video/7640290963520228626,7640290963520228626,_ducaaa.04,Tensei shitara Slime Datta Ken,2026-05-16T16:55:20+07:00,0,False,api,2
7640368042719740680,crush2k02,https://www.tiktok.com/@crush2k02,gánh cả cái tempest,5.0,1778911821,https://www.tiktok.com/@_ducaaa.04/video/7640290963520228626,7640290963520228626,_ducaaa.04,Tensei shitara Slime Datta Ken,2026-05-16T16:55:22+07:00,7640352852609270535,False,api,2
7640369972145603349,iuvalacclarachan,https://www.tiktok.com/@iuvalacclarachan,Gánh cả tempet thì chưa tới đâu nhiều nv còn mạnh hơn shuna lắm,9.0,1778912279,https://www.tiktok.com/@_ducaaa.04/video/7640290963520228626,7640290963520228626,_ducaaa.04,Tensei shitara Slime Datta Ken,2026-05-16T16:55:22+07:00,7640352852609270535,False,api,2
7640370364829303559,crush2k02,https://www.tiktok.com/@crush2k02,"gánh là gánh trong việc quản lí ko có shuna thì rimuru nhởn nhơ thế kia đc à, viêc triều chính đối nội đối ngoại shuna gánh hết",24.0,1778912363,https://www.tiktok.com/@_ducaaa.04/video/7640290963520228626,7640290963520228626,_ducaaa.04,Tensei shitara Slime Datta Ken,2026-05-16T16:55:22+07:00,7640352852609270535,False,api,2
7640372861903799061,iuvalacclarachan,https://www.tiktok.com/@iuvalacclarachan,Thì nói rõ ra chứ nói “ gánh cả cái tempet “ bao nhiêu việc,4.0,1778912953,https://www.tiktok.com/@_ducaaa.04/video/7640290963520228626,7640290963520228626,_ducaaa.04,Tensei shitara Slime Datta Ken,2026-05-16T16:55:26+07:00,7640352852609270535,False,api,2
7640376997130715925,diaochan1147,https://www.tiktok.com/@diaochan1147,thì ai cũng có việc chứ nguyên tempest 1 mình shuna làm à mà kêu gảnh cả tempest,3.0,1778913910,https://www.tiktok.com/@_ducaaa.04/video/7640290963520228626,7640290963520228626,_ducaaa.04,Tensei shitara Slime Datta Ken,2026-05-16T16:55:26+07:00,7640352852609270535,False,api,2
7640375902526898965,ember_xin,https://www.tiktok.com/@ember_xin,bác kêu gánh cả nền tài chính tempest thì đúng 🤣🤣🤣,,1778913662,https://www.tiktok.com/@_ducaaa.04/video/7640290963520228626,7640290963520228626,_ducaaa.04,Tensei shitara Slime Datta Ken,2026-05-16T16:55:26+07:00,7640352852609270535,False,api,2
7640376496410690312,crush2k02,https://www.tiktok.com/@crush2k02,nền tài chính ô mijormile gánh còn shuna gánh khoản ngoại giao văn hóa của tempest,1.0,1778913790,https://www.tiktok.com/@_ducaaa.04/video/7640290963520228626,7640290963520228626,_ducaaa.04,Tensei shitara Slime Datta Ken,2026-05-16T16:55:29+07:00,7640352852609270535,False,api,2
7640378468161897233,nghtph2,https://www.tiktok.com/@nghtph2,"Thật ra shuna gánh khoảng đời sống của người dân nhiều hơn. Như may mặc, thực phẩm và nấu ăn. Còn văn hoá vốn là thế mạnh của ri mà, ngoại giao thì shuna có bày cho ri cách hành xử của 1 vị vua chớ cũng kh làm gì nhiều",3.0,1778914260,https://www.tiktok.com/@_ducaaa.04/video/7640290963520228626,7640290963520228626,_ducaaa.04,Tensei shitara Slime Datta Ken,2026-05-16T16:55:29+07:00,7640352852609270535,False,api,2
7640391451390870280,kfox400,https://www.tiktok.com/@kfox400,tằm này là quản thúc 🙃 rimuru,,1778917271,https://www.tiktok.com/@_ducaaa.04/video/7640290963520228626,7640290963520228626,_ducaaa.04,Tensei shitara Slime Datta Ken,2026-05-16T16:55:29+07:00,7640352852609270535,False,api,2
7640423654035407637,chagihot,https://www.tiktok.com/@chagihot,vậy chắc năm sau bro mới được coi,,1778924771,https://www.tiktok.com/@_ducaaa.04/video/7640290963520228626,7640290963520228626,_ducaaa.04,Tensei shitara Slime Datta Ken,2026-05-16T16:55:35+07:00,7640408722851250962,False,api,2
7640423602555093767,cuccwctr0isong,https://www.tiktok.com/@cuccwctr0isong,"hong á, lần này shion ở nhà nha",,1778924758,https://www.tiktok.com/@_ducaaa.04/video/7640290963520228626,7640290963520228626,_ducaaa.04,Tensei shitara Slime Datta Ken,2026-05-16T16:55:38+07:00,7640414518246605588,False,api,2
7640422749722805013,dangonthi10d,https://www.tiktok.com/@dangonthi10d,đi họp khúc này Shion ở nhà vì Ri sợ Shion quậy banh hội đồng 🤣,,1778924777,https://www.tiktok.com/@_ducaaa.04/video/7640290963520228626,7640290963520228626,_ducaaa.04,Tensei shitara Slime Datta Ken,2026-05-16T16:55:38+07:00,7640414518246605588,False,api,2
7640405037563724560,nghtph2,https://www.tiktok.com/@nghtph2,Ui khó lắm bà ơi. Shuna sau này hong đến cỡ đó được đâu. Phó quan của cựu ma vương thì còn được. Nhưng mà điểm mạnh của shuna hong phải ở khoảng chiến đấu đâu,,1778920462,https://www.tiktok.com/@_ducaaa.04/video/7640290963520228626,7640290963520228626,_ducaaa.04,Tensei shitara Slime Datta Ken,2026-05-16T16:55:42+07:00,7640402764484461319,False,api,2
7640413162551231240,brightsamadaiu,https://www.tiktok.com/@brightsamadaiu,ri từng nhận định là shuna có khả năng kill chủ tịch đó🤡,,1778922331,https://www.tiktok.com/@_ducaaa.04/video/7640290963520228626,7640290963520228626,_ducaaa.04,Tensei shitara Slime Datta Ken,2026-05-16T16:55:42+07:00,7640402764484461319,False,api,2
7640415395186410258,vp_qnh,https://www.tiktok.com/@vp_qnh,có lộn vs Shion kh á chứ=)),,1778922844,https://www.tiktok.com/@_ducaaa.04/video/7640290963520228626,7640290963520228626,_ducaaa.04,Tensei shitara Slime Datta Ken,2026-05-16T16:55:42+07:00,7640402764484461319,False,api,2
7640418370034320146,brightsamadaiu,https://www.tiktok.com/@brightsamadaiu,"cả 2 đều có khả năng ấy, linh tử băng hoại lúc bấy giờ còn bá lắm, sau này chủ tịch bá quá thì không nói nưac",,1778923537,https://www.tiktok.com/@_ducaaa.04/video/7640290963520228626,7640290963520228626,_ducaaa.04,Tensei shitara Slime Datta Ken,2026-05-16T16:55:45+07:00,7640402764484461319,False,api,2
7640424465315332865,nghtph2,https://www.tiktok.com/@nghtph2,Linh tử băng hoại của shuna lúc này còn kh bằng hinata :)))),,1778924976,https://www.tiktok.com/@_ducaaa.04/video/7640290963520228626,7640290963520228626,_ducaaa.04,Tensei shitara Slime Datta Ken,2026-05-16T16:55:45+07:00,7640402764484461319,False,api,2
7640415293580116752,nghtph2,https://www.tiktok.com/@nghtph2,Shuna hay shion. Nhớ cho kỹ,,1778922838,https://www.tiktok.com/@_ducaaa.04/video/7640290963520228626,7640290963520228626,_ducaaa.04,Tensei shitara Slime Datta Ken,2026-05-16T16:55:45+07:00,7640402764484461319,False,api,2
dom_38208be8,NKDuy,https://www.tiktok.com/@nkduy1912,cục vàng của chủ tịch mà🥰,,,https://www.tiktok.com/@_ducaaa.04/video/7640290963520228626,7640290963520228626,_ducaaa.04,Tensei shitara Slime Datta Ken,2026-05-16T16:55:47+07:00,,False,dom,2
dom_640bbcb3,Noah.Emperor,https://www.tiktok.com/@crush2k02,gánh cả cái tempest,,,https://www.tiktok.com/@_ducaaa.04/video/7640290963520228626,7640290963520228626,_ducaaa.04,Tensei shitara Slime Datta Ken,2026-05-16T16:55:47+07:00,,True,dom,2
dom_1c66407d,⋆✩୨୧𝒱𝒶𝓁𝒶𝒸 𝒞𝓁𝒶𝓇𝒶 ୨୧✩⋆,https://www.tiktok.com/@iuvalacclarachan,Gánh cả tempet thì chưa tới đâu nhiều nv còn mạnh hơn shuna lắm,,,https://www.tiktok.com/@_ducaaa.04/video/7640290963520228626,7640290963520228626,_ducaaa.04,Tensei shitara Slime Datta Ken,2026-05-16T16:55:47+07:00,,True,dom,2
dom_459b7e57,Noah.Emperor,https://www.tiktok.com/@crush2k02,"gánh là gánh trong việc quản lí ko có shuna thì rimuru nhởn nhơ thế kia đc à, viêc triều chính đối nội đối ngoại shuna gánh hết",,,https://www.tiktok.com/@_ducaaa.04/video/7640290963520228626,7640290963520228626,_ducaaa.04,Tensei shitara Slime Datta Ken,2026-05-16T16:55:47+07:00,,True,dom,2
dom_5df3dbfd,⋆✩୨୧𝒱𝒶𝓁𝒶𝒸 𝒞𝓁𝒶𝓇𝒶 ୨୧✩⋆,https://www.tiktok.com/@iuvalacclarachan,Thì nói rõ ra chứ nói “ gánh cả cái tempet “ bao nhiêu việc,,,https://www.tiktok.com/@_ducaaa.04/video/7640290963520228626,7640290963520228626,_ducaaa.04,Tensei shitara Slime Datta Ken,2026-05-16T16:55:47+07:00,,True,dom,2
dom_71cfe0c8,ᴅιᴀoκuɴ°^,https://www.tiktok.com/@diaochan1147,thì ai cũng có việc chứ nguyên tempest 1 mình shuna làm à mà kêu gảnh cả tempest,,,https://www.tiktok.com/@_ducaaa.04/video/7640290963520228626,7640290963520228626,_ducaaa.04,Tensei shitara Slime Datta Ken,2026-05-16T16:55:47+07:00,,True,dom,2
dom_7d5fdc70,ember_xin,https://www.tiktok.com/@ember_xin,bác kêu gánh cả nền tài chính tempest thì đúng 🤣🤣🤣,,,https://www.tiktok.com/@_ducaaa.04/video/7640290963520228626,7640290963520228626,_ducaaa.04,Tensei shitara Slime Datta Ken,2026-05-16T16:55:47+07:00,,True,dom,2
dom_5d6eec6d,Noah.Emperor,https://www.tiktok.com/@crush2k02,nền tài chính ô mijormile gánh còn shuna gánh khoản ngoại giao văn hóa của tempest,,,https://www.tiktok.com/@_ducaaa.04/video/7640290963520228626,7640290963520228626,_ducaaa.04,Tensei shitara Slime Datta Ken,2026-05-16T16:55:47+07:00,,True,dom,2
dom_4df84179,Nghtph_232,https://www.tiktok.com/@nghtph2,"Thật ra shuna gánh khoảng đời sống của người dân nhiều hơn. Như may mặc, thực phẩm và nấu ăn. Còn văn hoá vốn là thế mạnh của ri mà, ngoại giao thì shuna có bày cho ri cách hành xử của 1 vị vua chớ cũng kh làm gì nhiều",,,https://www.tiktok.com/@_ducaaa.04/video/7640290963520228626,7640290963520228626,_ducaaa.04,Tensei shitara Slime Datta Ken,2026-05-16T16:55:47+07:00,,True,dom,2
dom_57a38515,🪽 em cáo yêu ~,https://www.tiktok.com/@kfox400,tằm này là quản thúc 🙃 rimuru,,,https://www.tiktok.com/@_ducaaa.04/video/7640290963520228626,7640290963520228626,_ducaaa.04,Tensei shitara Slime Datta Ken,2026-05-16T16:55:47+07:00,,True,dom,2
dom_6648bb33,oppa saranghae,https://www.tiktok.com/@khalinhxinhgai,quyết tâm đợi full mới xem,,,https://www.tiktok.com/@_ducaaa.04/video/7640290963520228626,7640290963520228626,_ducaaa.04,Tensei shitara Slime Datta Ken,2026-05-16T16:55:47+07:00,,False,dom,2
dom_4d8f093c,Na mampaloca,https://www.tiktok.com/@chagihot,vậy chắc năm sau bro mới được coi,,,https://www.tiktok.com/@_ducaaa.04/video/7640290963520228626,7640290963520228626,_ducaaa.04,Tensei shitara Slime Datta Ken,2026-05-16T16:55:47+07:00,,True,dom,2
dom_3b60a21a,Nào 62kg thì đổi tên🐸,https://www.tiktok.com/@zwuy_98,K coá đăng nky à shop:),,,https://www.tiktok.com/@_ducaaa.04/video/7640290963520228626,7640290963520228626,_ducaaa.04,Tensei shitara Slime Datta Ken,2026-05-16T16:55:47+07:00,,False,dom,2
dom_f1f303b,🦈𝕙𝕒𝕣𝕚𝕚🪼☽𓆪,https://www.tiktok.com/@harin_045,hơi hok liên quan xíu nhưng mà có shion hok ạ ( nếu lm mn khó chịu thì cho em xin lỗi ạ),,,https://www.tiktok.com/@_ducaaa.04/video/7640290963520228626,7640290963520228626,_ducaaa.04,Tensei shitara Slime Datta Ken,2026-05-16T16:55:47+07:00,,False,dom,2
dom_73c202cb,Hâm và vô tư,https://www.tiktok.com/@cuccwctr0isong,"hong á, lần này shion ở nhà nha",,,https://www.tiktok.com/@_ducaaa.04/video/7640290963520228626,7640290963520228626,_ducaaa.04,Tensei shitara Slime Datta Ken,2026-05-16T16:55:47+07:00,,True,dom,2
dom_69ee13aa,vô tri hưởng thái bình,https://www.tiktok.com/@dangonthi10d,đi họp khúc này Shion ở nhà vì Ri sợ Shion quậy banh hội đồng 🤣,,,https://www.tiktok.com/@_ducaaa.04/video/7640290963520228626,7640290963520228626,_ducaaa.04,Tensei shitara Slime Datta Ken,2026-05-16T16:55:47+07:00,,True,dom,2
dom_29cb72c,Leo nha rt.,https://www.tiktok.com/@nh.akhoa8,lúc đầu tưởng bả yếu ai mờ mạnh cở ma vương🥰,,,https://www.tiktok.com/@_ducaaa.04/video/7640290963520228626,7640290963520228626,_ducaaa.04,Tensei shitara Slime Datta Ken,2026-05-16T16:55:47+07:00,,False,dom,2
dom_47f39160,Nghtph_232,https://www.tiktok.com/@nghtph2,Ui khó lắm bà ơi. Shuna sau này hong đến cỡ đó được đâu. Phó quan của cựu ma vương thì còn được. Nhưng mà điểm mạnh của shuna hong phải ở khoảng chiến đấu đâu,,,https://www.tiktok.com/@_ducaaa.04/video/7640290963520228626,7640290963520228626,_ducaaa.04,Tensei shitara Slime Datta Ken,2026-05-16T16:55:47+07:00,,True,dom,2
dom_74e2b6e,Wag NK,https://www.tiktok.com/@brightsamadaiu,ri từng nhận định là shuna có khả năng kill chủ tịch đó🤡,,,https://www.tiktok.com/@_ducaaa.04/video/7640290963520228626,7640290963520228626,_ducaaa.04,Tensei shitara Slime Datta Ken,2026-05-16T16:55:47+07:00,,True,dom,2
dom_5cd2c5a5,Kenny.,https://www.tiktok.com/@vp_qnh,có lộn vs Shion kh á chứ=)),,,https://www.tiktok.com/@_ducaaa.04/video/7640290963520228626,7640290963520228626,_ducaaa.04,Tensei shitara Slime Datta Ken,2026-05-16T16:55:47+07:00,,True,dom,2
dom_54cdbd2c,Wag NK,https://www.tiktok.com/@brightsamadaiu,"cả 2 đều có khả năng ấy, linh tử băng hoại lúc bấy giờ còn bá lắm, sau này chủ tịch bá quá thì không nói nưac",,,https://www.tiktok.com/@_ducaaa.04/video/7640290963520228626,7640290963520228626,_ducaaa.04,Tensei shitara Slime Datta Ken,2026-05-16T16:55:47+07:00,,True,dom,2
dom_680ebbab,Nghtph_232,https://www.tiktok.com/@nghtph2,Linh tử băng hoại của shuna lúc này còn kh bằng hinata :)))),,,https://www.tiktok.com/@_ducaaa.04/video/7640290963520228626,7640290963520228626,_ducaaa.04,Tensei shitara Slime Datta Ken,2026-05-16T16:55:47+07:00,,True,dom,2
dom_bb81764,Nghtph_232,https://www.tiktok.com/@nghtph2,Shuna hay shion. Nhớ cho kỹ,,,https://www.tiktok.com/@_ducaaa.04/video/7640290963520228626,7640290963520228626,_ducaaa.04,Tensei shitara Slime Datta Ken,2026-05-16T16:55:47+07:00,,True,dom,2
dom_6fa42ab8,Nhật Sơn,https://www.tiktok.com/@darklord0903,SpoiI em cái kết th đó với ạ :)))),,,https://www.tiktok.com/@_ducaaa.04/video/7640290963520228626,7640290963520228626,_ducaaa.04,Tensei shitara Slime Datta Ken,2026-05-16T16:55:47+07:00,,False,dom,2
dom_321a1d47,Kikkkk,https://www.tiktok.com/@khau2385674,Này là phần mấy á? Tui coi trên Muse chưa thấy tới phần này,,,https://www.tiktok.com/@_ducaaa.04/video/7640290963520228626,7640290963520228626,_ducaaa.04,Tensei shitara Slime Datta Ken,2026-05-16T16:55:47+07:00,,False,dom,2
dom_1cd6f17b,blabla,https://www.tiktok.com/@blabla181124,ss4 này nhiu tập trời ko lẽ mariabell nghẻo cái hết ss4 chứ t hóng dàn siêu xe mà 😭,,,https://www.tiktok.com/@_ducaaa.04/video/7640290963520228626,7640290963520228626,_ducaaa.04,Tensei shitara Slime Datta Ken,2026-05-16T16:55:47+07:00,,False,dom,2
dom_3262fbe0,Qian Jin❤️‍🩹,https://www.tiktok.com/@hoshinasubaru27,tập mấy ss mấy v ạ,,,https://www.tiktok.com/@_ducaaa.04/video/7640290963520228626,7640290963520228626,_ducaaa.04,Tensei shitara Slime Datta Ken,2026-05-16T16:55:47+07:00,,False,dom,2
dom_3064bd2f,💤,https://www.tiktok.com/@_2707_02,ss4 full chưa mng. để tui cày lại từ đầu qua ss4 luôn,,,https://www.tiktok.com/@_ducaaa.04/video/7640290963520228626,7640290963520228626,_ducaaa.04,Tensei shitara Slime Datta Ken,2026-05-16T16:55:47+07:00,,False,dom,2
dom_408218f3,THEO DÕI NGOẠI TÌNH THANH HOÁ,https://www.tiktok.com/@bithuii.0901,ủa đây là phần nào hay tập nào v mng lâu r t chưa xem nên k biết,,,https://www.tiktok.com/@_ducaaa.04/video/7640290963520228626,7640290963520228626,_ducaaa.04,Tensei shitara Slime Datta Ken,2026-05-16T16:55:47+07:00,,False,dom,2
dom_34e78216,ngdep,https://www.tiktok.com/@tranthuha19,xem ở dou v tus ơi,,,https://www.tiktok.com/@_ducaaa.04/video/7640290963520228626,7640290963520228626,_ducaaa.04,Tensei shitara Slime Datta Ken,2026-05-16T16:55:47+07:00,,False,dom,2
dom_5f303a60,Julius,https://www.tiktok.com/@khobaoonepice,Cái phim one piece có khi hết sớm hơn phim này nữa ra lâu dữ thần,,,https://www.tiktok.com/@_ducaaa.04/video/7640290963520228626,7640290963520228626,_ducaaa.04,Tensei shitara Slime Datta Ken,2026-05-16T16:55:47+07:00,,False,dom,2
dom_3cbf5f70,Nguyễn Thị Mèo :333,https://www.tiktok.com/@meo_choi_erin,[Sticker] có bản lồng tiếng chx ạ,,,https://www.tiktok.com/@_ducaaa.04/video/7640290963520228626,7640290963520228626,_ducaaa.04,Tensei shitara Slime Datta Ken,2026-05-16T16:55:47+07:00,,False,dom,2
dom_1d257b11,Phuong nguyen,https://www.tiktok.com/@hethoi133z,Anime nông trại kiki,,,https://www.tiktok.com/@_ducaaa.04/video/7640290963520228626,7640290963520228626,_ducaaa.04,Tensei shitara Slime Datta Ken,2026-05-16T16:55:47+07:00,,False,dom,2
dom_1fc5fa5b,heomochi🐷🐽,https://www.tiktok.com/@khanghuy047,huhu sao cứ gặp ai sài quạt là thấy slay với đẹp hơn bình thường đã vậy cổ còn biết sài phép nữa,,,https://www.tiktok.com/@_ducaaa.04/video/7640290963520228626,7640290963520228626,_ducaaa.04,Tensei shitara Slime Datta Ken,2026-05-16T16:55:47+07:00,,False,dom,2
dom_323fa458,𝘓𝘶𝘰ッ🦅,https://www.tiktok.com/@nchi.253,cho mik xin tên phim đc ko bạn,,,https://www.tiktok.com/@_ducaaa.04/video/7640290963520228626,7640290963520228626,_ducaaa.04,Tensei shitara Slime Datta Ken,2026-05-16T16:55:47+07:00,,False,dom,2
dom_36923385,bé by,https://www.tiktok.com/@booquao,coi ở bilibili đúng ko chủ tus,,,https://www.tiktok.com/@_ducaaa.04/video/7640290963520228626,7640290963520228626,_ducaaa.04,Tensei shitara Slime Datta Ken,2026-05-16T16:55:47+07:00,,False,dom,2
dom_63b10df8,Tiên Nữ Xì Tyn🏳️‍🌈🏳️‍🌈,https://www.tiktok.com/@_yoanh_0802,Đang hỏi sao tập này lạ thế tại mới xem hết tập 5 hôm qua =)),,,https://www.tiktok.com/@_ducaaa.04/video/7640290963520228626,7640290963520228626,_ducaaa.04,Tensei shitara Slime Datta Ken,2026-05-16T16:55:47+07:00,,False,dom,2
dom_4e6038c,Phạm Nhật,https://www.tiktok.com/@changtraicuamua5,vẻ bề ngoài không giống sức mạnh của ẻm 😂,,,https://www.tiktok.com/@_ducaaa.04/video/7640290963520228626,7640290963520228626,_ducaaa.04,Tensei shitara Slime Datta Ken,2026-05-16T16:55:47+07:00,,False,dom,2
7640300077220152071,accroblocbqthanh2576,https://www.tiktok.com/@accroblocbqthanh2576,ss4 đúng ko,,1778896008,https://www.tiktok.com/@_ducaaa.04/video/7640290963520228626,7640290963520228626,_ducaaa.04,Tensei shitara Slime Datta Ken,2026-05-16T16:55:48+07:00,0,False,api,2
7640312135041680149,luan_amane,https://www.tiktok.com/@luan_amane,yes tập 6 á,4.0,1778899048,https://www.tiktok.com/@_ducaaa.04/video/7640290963520228626,7640290963520228626,_ducaaa.04,Tensei shitara Slime Datta Ken,2026-05-16T16:55:48+07:00,7640300077220152071,True,api,2
7640397726366991125,pedatgiacngo,https://www.tiktok.com/@pedatgiacngo,Rút quạt ra từ đâu dị 😅 cho xin cây quạt về đc ko,,1778918737,https://www.tiktok.com/@_ducaaa.04/video/7640290963520228626,7640290963520228626,_ducaaa.04,Tensei shitara Slime Datta Ken,2026-05-16T16:55:48+07:00,0,False,api,2
7640401863955776264,vukimchi_14,https://www.tiktok.com/@vukimchi_14,ngại dùm ông kia luôn á😞,1.0,1778919702,https://www.tiktok.com/@_ducaaa.04/video/7640290963520228626,7640290963520228626,_ducaaa.04,Tensei shitara Slime Datta Ken,2026-05-16T16:55:48+07:00,0,False,api,2
7640413708968346376,v.bao.linh.com,https://www.tiktok.com/@v.bao.linh.com,Ai chởi cj t phế,,1778922460,https://www.tiktok.com/@_ducaaa.04/video/7640290963520228626,7640290963520228626,_ducaaa.04,Tensei shitara Slime Datta Ken,2026-05-16T16:55:48+07:00,0,False,api,2
7640343471564243733,lila_tran,https://www.tiktok.com/@lila_tran,ả biết ả slay😭,8.0,1778906110,https://www.tiktok.com/@_ducaaa.04/video/7640290963520228626,7640290963520228626,_ducaaa.04,Tensei shitara Slime Datta Ken,2026-05-16T16:55:48+07:00,0,False,api,2
7640376285630841608,uhu4829,https://www.tiktok.com/@uhu4829,Ss3 là từ tập mấy vậy mn,,1778913743,https://www.tiktok.com/@_ducaaa.04/video/7640290963520228626,7640290963520228626,_ducaaa.04,Tensei shitara Slime Datta Ken,2026-05-16T16:55:48+07:00,0,False,api,2
7640378678950773512,_ducaaa.04,https://www.tiktok.com/@_ducaaa.04,season 3 bắt đầu từ tập 49 -> 72 (trên Youtube) nha,,1778914301,https://www.tiktok.com/@_ducaaa.04/video/7640290963520228626,7640290963520228626,_ducaaa.04,Tensei shitara Slime Datta Ken,2026-05-16T16:55:48+07:00,7640376285630841608,True,api,2
7640356745970598657,bngoc_22121,https://www.tiktok.com/@bngoc_22121,nhìn dịu fiuj nhưng sm ko có dịu😌,1.0,1778909223,https://www.tiktok.com/@_ducaaa.04/video/7640290963520228626,7640290963520228626,_ducaaa.04,Tensei shitara Slime Datta Ken,2026-05-16T16:55:48+07:00,0,False,api,2
7640306921439003413,_nori_tempest_,https://www.tiktok.com/@_nori_tempest_,shuna ngầu 😍✨✨,7.0,1778897607,https://www.tiktok.com/@_ducaaa.04/video/7640290963520228626,7640290963520228626,_ducaaa.04,Tensei shitara Slime Datta Ken,2026-05-16T16:55:48+07:00,0,False,api,2
7640346961480008469,ziyu06702,https://www.tiktok.com/@ziyu06702,nếu có hợp tác vs aov lần 2 mong có chỉ😅,1.0,1778906914,https://www.tiktok.com/@_ducaaa.04/video/7640290963520228626,7640290963520228626,_ducaaa.04,Tensei shitara Slime Datta Ken,2026-05-16T16:55:48+07:00,0,False,api,2
7640349464217436936,nhilieen,https://www.tiktok.com/@nhilieen,[Sticker],,1778907494,https://www.tiktok.com/@_ducaaa.04/video/7640290963520228626,7640290963520228626,_ducaaa.04,Tensei shitara Slime Datta Ken,2026-05-16T16:55:48+07:00,0,False,api,2
7640374801551082260,long_vuong2k3,https://www.tiktok.com/@long_vuong2k3,yan ngầm,,1778913400,https://www.tiktok.com/@_ducaaa.04/video/7640290963520228626,7640290963520228626,_ducaaa.04,Tensei shitara Slime Datta Ken,2026-05-16T16:55:48+07:00,0,False,api,2
7640384072251261703,vanwmih_07,https://www.tiktok.com/@vanwmih_07,mup,,1778915553,https://www.tiktok.com/@_ducaaa.04/video/7640290963520228626,7640290963520228626,_ducaaa.04,Tensei shitara Slime Datta Ken,2026-05-16T16:55:48+07:00,0,False,api,2
7640378671635989266,scriptston,https://www.tiktok.com/@scriptston,shuna ?,,1778914298,https://www.tiktok.com/@_ducaaa.04/video/7640290963520228626,7640290963520228626,_ducaaa.04,Tensei shitara Slime Datta Ken,2026-05-16T16:55:48+07:00,0,False,api,2
7640262679371055880,sangcutetran,https://www.tiktok.com/@sangcutetran,coi ở đâu z ạ,1.0,1778887309,https://www.tiktok.com/@hakushibo7/video/7640168442892406023,7640168442892406023,hakushibo7,Tensei shitara Slime Datta Ken,2026-05-16T16:56:33+07:00,0,False,api,3
7640248391503856391,user9811133310542,https://www.tiktok.com/@user9811133310542,😏What's his name?,2.0,1778883978,https://www.tiktok.com/@hakushibo7/video/7640168442892406023,7640168442892406023,hakushibo7,Tensei shitara Slime Datta Ken,2026-05-16T16:56:33+07:00,0,False,api,3
7640372882754257686,markfauli,https://www.tiktok.com/@markfauli,Absolute cinema,1.0,1778912985,https://www.tiktok.com/@hakushibo7/video/7640168442892406023,7640168442892406023,hakushibo7,Tensei shitara Slime Datta Ken,2026-05-16T16:56:33+07:00,0,False,api,3
7640316878711702280,sameer02014,https://www.tiktok.com/@sameer02014,waiting for ep with primordials entry 👽,3.0,1778899910,https://www.tiktok.com/@hakushibo7/video/7640168442892406023,7640168442892406023,hakushibo7,Tensei shitara Slime Datta Ken,2026-05-16T16:56:33+07:00,0,False,api,3
7640287742454432519,gianglee64,https://www.tiktok.com/@gianglee64,Tập mấy v ạ,,1778893126,https://www.tiktok.com/@hakushibo7/video/7640168442892406023,7640168442892406023,hakushibo7,Tensei shitara Slime Datta Ken,2026-05-16T16:56:33+07:00,0,False,api,3
7640300450001224469,uprize39,https://www.tiktok.com/@uprize39,tập 6,1.0,1778896506,https://www.tiktok.com/@hakushibo7/video/7640168442892406023,7640168442892406023,hakushibo7,Tensei shitara Slime Datta Ken,2026-05-16T16:56:33+07:00,7640287742454432519,True,api,3
7640226234785596173,dtidwell1,https://www.tiktok.com/@dtidwell1,wait the new episode came out today??,,1778878819,https://www.tiktok.com/@hakushibo7/video/7640168442892406023,7640168442892406023,hakushibo7,Tensei shitara Slime Datta Ken,2026-05-16T16:56:33+07:00,0,False,api,3
7640304489567978261,mk87403,https://www.tiktok.com/@mk87403,ดอง😆,23.0,1778897030,https://www.tiktok.com/@hakushibo7/video/7640168442892406023,7640168442892406023,hakushibo7,Tensei shitara Slime Datta Ken,2026-05-16T16:56:33+07:00,0,False,api,3
7640324288712590101,thua.loickiu,https://www.tiktok.com/@thua.loickiu,ôi chồng yêu,,1778901636,https://www.tiktok.com/@hakushibo7/video/7640168442892406023,7640168442892406023,hakushibo7,Tensei shitara Slime Datta Ken,2026-05-16T16:56:33+07:00,0,False,api,3
7640244581024727826,ezpredator0,https://www.tiktok.com/@ezpredator0,[Sticker] Letsgoooo,9.0,1778883092,https://www.tiktok.com/@hakushibo7/video/7640168442892406023,7640168442892406023,hakushibo7,Tensei shitara Slime Datta Ken,2026-05-16T16:56:33+07:00,0,False,api,3
7640201336089543444,alexfe77,https://www.tiktok.com/@alexfe77,[Sticker],54.0,1778873019,https://www.tiktok.com/@hakushibo7/video/7640168442892406023,7640168442892406023,hakushibo7,Tensei shitara Slime Datta Ken,2026-05-16T16:56:33+07:00,0,False,api,3
7640327820933366544,deadshot7774,https://www.tiktok.com/@deadshot7774,name,,1778902455,https://www.tiktok.com/@hakushibo7/video/7640168442892406023,7640168442892406023,hakushibo7,Tensei shitara Slime Datta Ken,2026-05-16T16:56:33+07:00,0,False,api,3
7640314547472384786,marji_tiu,https://www.tiktok.com/@marji_tiu,New episode lets gooooo👏👏👏👏,,1778899371,https://www.tiktok.com/@hakushibo7/video/7640168442892406023,7640168442892406023,hakushibo7,Tensei shitara Slime Datta Ken,2026-05-16T16:56:33+07:00,0,False,api,3
7640258112020824850,truong04122006,https://www.tiktok.com/@truong04122006,[Sticker] tôi đang chờ tập mới 🥰,5.0,1778886237,https://www.tiktok.com/@hakushibo7/video/7640168442892406023,7640168442892406023,hakushibo7,Tensei shitara Slime Datta Ken,2026-05-16T16:56:33+07:00,0,False,api,3
7640286657153876757,besttop30,https://www.tiktok.com/@besttop30,новая серия вышла????,,1778892891,https://www.tiktok.com/@hakushibo7/video/7640168442892406023,7640168442892406023,hakushibo7,Tensei shitara Slime Datta Ken,2026-05-16T16:56:33+07:00,0,False,api,3
7640367880210826002,vanhoa5086,https://www.tiktok.com/@vanhoa5086,[Sticker],,1778911780,https://www.tiktok.com/@hakushibo7/video/7640168442892406023,7640168442892406023,hakushibo7,Tensei shitara Slime Datta Ken,2026-05-16T16:56:33+07:00,0,False,api,3
7640349680265773831,slime2d.ff,https://www.tiktok.com/@slime2d.ff,[Sticker],,1778907543,https://www.tiktok.com/@hakushibo7/video/7640168442892406023,7640168442892406023,hakushibo7,Tensei shitara Slime Datta Ken,2026-05-16T16:56:33+07:00,0,False,api,3
7640186478773863188,mariami.mari090,https://www.tiktok.com/@mariami.mari090,Как називаица,1.0,1778869554,https://www.tiktok.com/@hakushibo7/video/7640168442892406023,7640168442892406023,hakushibo7,Tensei shitara Slime Datta Ken,2026-05-16T16:56:33+07:00,0,False,api,3
7640276948929741588,rimuru8_8tempest,https://www.tiktok.com/@rimuru8_8tempest,Название: О моём перерождении в слизь,3.0,1778890629,https://www.tiktok.com/@hakushibo7/video/7640168442892406023,7640168442892406023,hakushibo7,Tensei shitara Slime Datta Ken,2026-05-16T16:56:33+07:00,7640186478773863188,True,api,3
7640353761034011413,slurr1,https://www.tiktok.com/@slurr1,S berpa nih,,1778908639,https://www.tiktok.com/@hakushibo7/video/7640168442892406023,7640168442892406023,hakushibo7,Tensei shitara Slime Datta Ken,2026-05-16T16:56:33+07:00,0,False,api,3
7640356444114813714,wrfyuuuu,https://www.tiktok.com/@wrfyuuuu,saitama tertawa melihat ini,,1778909125,https://www.tiktok.com/@hakushibo7/video/7640168442892406023,7640168442892406023,hakushibo7,Tensei shitara Slime Datta Ken,2026-05-16T16:56:33+07:00,0,False,api,3
7640317599196939016,miku49300,https://www.tiktok.com/@miku49300,[Sticker],,1778900072,https://www.tiktok.com/@hakushibo7/video/7640168442892406023,7640168442892406023,hakushibo7,Tensei shitara Slime Datta Ken,2026-05-16T16:56:33+07:00,0,False,api,3
7640267833570116359,nhwlam2000,https://www.tiktok.com/@nhwlam2000,YouTube,,1778888501,https://www.tiktok.com/@hakushibo7/video/7640168442892406023,7640168442892406023,hakushibo7,Tensei shitara Slime Datta Ken,2026-05-16T16:56:35+07:00,7640262679371055880,False,api,3
7640288374816965394,cuong2032006,https://www.tiktok.com/@cuong2032006,lmj đã ra tập này coi ở đâu nó ra trc á,,1778893278,https://www.tiktok.com/@hakushibo7/video/7640168442892406023,7640168442892406023,hakushibo7,Tensei shitara Slime Datta Ken,2026-05-16T16:56:35+07:00,7640262679371055880,False,api,3
7640313356729369351,phuongsanh_,https://www.tiktok.com/@phuongsanh_,animevietsub có á,1.0,1778899093,https://www.tiktok.com/@hakushibo7/video/7640168442892406023,7640168442892406023,hakushibo7,Tensei shitara Slime Datta Ken,2026-05-16T16:56:35+07:00,7640262679371055880,False,api,3
7640378008699683604,lelamm38,https://www.tiktok.com/@lelamm38,animevietsub.site:))),,1778914275,https://www.tiktok.com/@hakushibo7/video/7640168442892406023,7640168442892406023,hakushibo7,Tensei shitara Slime Datta Ken,2026-05-16T16:56:39+07:00,7640262679371055880,False,api,3
7640265384452571936,noah_dl000,https://www.tiktok.com/@noah_dl000,rimuru tempest,,1778887949,https://www.tiktok.com/@hakushibo7/video/7640168442892406023,7640168442892406023,hakushibo7,Tensei shitara Slime Datta Ken,2026-05-16T16:56:42+07:00,7640248391503856391,False,api,3
7640265252761174792,itachigarcia90,https://www.tiktok.com/@itachigarcia90,tensei shitara slime datta,1.0,1778887909,https://www.tiktok.com/@hakushibo7/video/7640168442892406023,7640168442892406023,hakushibo7,Tensei shitara Slime Datta Ken,2026-05-16T16:56:42+07:00,7640248391503856391,False,api,3
7640300362456531719,tamiima.uma,https://www.tiktok.com/@tamiima.uma,tensura,,1778896065,https://www.tiktok.com/@hakushibo7/video/7640168442892406023,7640168442892406023,hakushibo7,Tensei shitara Slime Datta Ken,2026-05-16T16:56:42+07:00,7640248391503856391,False,api,3
7640250539225416468,almuhannadi993,https://www.tiktok.com/@almuhannadi993,Slime,,1778884479,https://www.tiktok.com/@hakushibo7/video/7640168442892406023,7640168442892406023,hakushibo7,Tensei shitara Slime Datta Ken,2026-05-16T16:56:46+07:00,7640248391503856391,False,api,3
7640320868439425812,alterw,https://www.tiktok.com/@alterw,"Yeah, cant wait for Testarossa and Carrera, after Ultima, but she's the last",1.0,1778900848,https://www.tiktok.com/@hakushibo7/video/7640168442892406023,7640168442892406023,hakushibo7,Tensei shitara Slime Datta Ken,2026-05-16T16:56:50+07:00,7640316878711702280,False,api,3
7640394473201877767,sameer02014,https://www.tiktok.com/@sameer02014,ya that ep is gonna blow the internet 👽,,1778917975,https://www.tiktok.com/@hakushibo7/video/7640168442892406023,7640168442892406023,hakushibo7,Tensei shitara Slime Datta Ken,2026-05-16T16:56:50+07:00,7640316878711702280,False,api,3
7640301977100026640,kyoon_kitsune,https://www.tiktok.com/@kyoon_kitsune,5,,1778896473,https://www.tiktok.com/@hakushibo7/video/7640168442892406023,7640168442892406023,hakushibo7,Tensei shitara Slime Datta Ken,2026-05-16T16:56:53+07:00,7640287742454432519,False,api,3
7640244182623437589,galihkusuma915,https://www.tiktok.com/@galihkusuma915,"no,new episode is Yesterday",,1778883203,https://www.tiktok.com/@hakushibo7/video/7640168442892406023,7640168442892406023,hakushibo7,Tensei shitara Slime Datta Ken,2026-05-16T16:56:57+07:00,7640226234785596173,False,api,3
7640281631085380369,akoumo1,https://www.tiktok.com/@akoumo1,One episode is released every Friday. Again next 15th s4ep6 will be released and 22nd s4ep7 will be released which means one episode will be released every 7 days.Each episode of this anime will be released at 8:30👍,1.0,1778891732,https://www.tiktok.com/@hakushibo7/video/7640168442892406023,7640168442892406023,hakushibo7,Tensei shitara Slime Datta Ken,2026-05-16T16:56:57+07:00,7640226234785596173,False,api,3
7640305099440898824,tichanon21,https://www.tiktok.com/@tichanon21,เอาไว้ดูทีเดียวดีกว่าเดี๋ยวค้าง🤣,10.0,1778897172,https://www.tiktok.com/@hakushibo7/video/7640168442892406023,7640168442892406023,hakushibo7,Tensei shitara Slime Datta Ken,2026-05-16T16:57:00+07:00,7640304489567978261,False,api,3
7640308943948890901,golfknn,https://www.tiktok.com/@golfknn,แนะนำเลยครับว่าอย่าเพิ่งเข้าไปดูให้ดองไว้ก่อนเมื่อกี้อดใจไม่ไหวลองเข้าไปดูคาใจชิบหาย😅,3.0,1778898074,https://www.tiktok.com/@hakushibo7/video/7640168442892406023,7640168442892406023,hakushibo7,Tensei shitara Slime Datta Ken,2026-05-16T16:57:00+07:00,7640304489567978261,False,api,3
7640337031821804305,chonkanokboonesir,https://www.tiktok.com/@chonkanokboonesir,ถ้าดองนี่ยาวเลยคนับ กันยา นู้นกว่าจะครบ 24 ตอนผมคำนวนมาละ 5555 ผมก็ดองเหมือนกัน 😭,4.0,1778904608,https://www.tiktok.com/@hakushibo7/video/7640168442892406023,7640168442892406023,hakushibo7,Tensei shitara Slime Datta Ken,2026-05-16T16:57:00+07:00,7640304489567978261,False,api,3
dom_52661e9a,Sang nek,https://www.tiktok.com/@sangcutetran,coi ở đâu z ạ,,,https://www.tiktok.com/@hakushibo7/video/7640168442892406023,7640168442892406023,hakushibo7,Tensei shitara Slime Datta Ken,2026-05-16T16:57:00+07:00,,False,dom,3
dom_45ffe345,Như Lâm,https://www.tiktok.com/@nhwlam2000,YouTube,,,https://www.tiktok.com/@hakushibo7/video/7640168442892406023,7640168442892406023,hakushibo7,Tensei shitara Slime Datta Ken,2026-05-16T16:57:00+07:00,,True,dom,3
dom_5a554f38,️,https://www.tiktok.com/@cuong2032006,lmj đã ra tập này coi ở đâu nó ra trc á,,,https://www.tiktok.com/@hakushibo7/video/7640168442892406023,7640168442892406023,hakushibo7,Tensei shitara Slime Datta Ken,2026-05-16T16:57:00+07:00,,True,dom,3
dom_340a9c6b,phuongsanh,https://www.tiktok.com/@phuongsanh_,animevietsub có á,,,https://www.tiktok.com/@hakushibo7/video/7640168442892406023,7640168442892406023,hakushibo7,Tensei shitara Slime Datta Ken,2026-05-16T16:57:00+07:00,,True,dom,3
dom_7cae6cbe,em thorne tới chơi🔫,https://www.tiktok.com/@lelamm38,animevietsub.site:))),,,https://www.tiktok.com/@hakushibo7/video/7640168442892406023,7640168442892406023,hakushibo7,Tensei shitara Slime Datta Ken,2026-05-16T16:57:00+07:00,,True,dom,3
dom_5e22f754,احمد 👑,https://www.tiktok.com/@user9811133310542,😏What's his name?,,,https://www.tiktok.com/@hakushibo7/video/7640168442892406023,7640168442892406023,hakushibo7,Tensei shitara Slime Datta Ken,2026-05-16T16:57:00+07:00,,False,dom,3
dom_321eff46,💸,https://www.tiktok.com/@noah_dl000,rimuru tempest,,,https://www.tiktok.com/@hakushibo7/video/7640168442892406023,7640168442892406023,hakushibo7,Tensei shitara Slime Datta Ken,2026-05-16T16:57:00+07:00,,True,dom,3
dom_e4766a5,itachigarcia90,https://www.tiktok.com/@itachigarcia90,tensei shitara slime datta,,,https://www.tiktok.com/@hakushibo7/video/7640168442892406023,7640168442892406023,hakushibo7,Tensei shitara Slime Datta Ken,2026-05-16T16:57:00+07:00,,True,dom,3
dom_f59abae,hah,https://www.tiktok.com/@tamiima.uma,tensura,,,https://www.tiktok.com/@hakushibo7/video/7640168442892406023,7640168442892406023,hakushibo7,Tensei shitara Slime Datta Ken,2026-05-16T16:57:00+07:00,,True,dom,3
dom_1a26c398,عين المسند,https://www.tiktok.com/@almuhannadi993,Slime,,,https://www.tiktok.com/@hakushibo7/video/7640168442892406023,7640168442892406023,hakushibo7,Tensei shitara Slime Datta Ken,2026-05-16T16:57:00+07:00,,True,dom,3
dom_2bd64568,markfauli,https://www.tiktok.com/@markfauli,Absolute cinema,,,https://www.tiktok.com/@hakushibo7/video/7640168442892406023,7640168442892406023,hakushibo7,Tensei shitara Slime Datta Ken,2026-05-16T16:57:00+07:00,,False,dom,3
dom_29398864,Sameer,https://www.tiktok.com/@sameer02014,waiting for ep with primordials entry 👽,,,https://www.tiktok.com/@hakushibo7/video/7640168442892406023,7640168442892406023,hakushibo7,Tensei shitara Slime Datta Ken,2026-05-16T16:57:00+07:00,,False,dom,3
dom_1e7b4128,Jinzo,https://www.tiktok.com/@alterw,"Yeah, cant wait for Testarossa and Carrera, after Ultima, but she's the last",,,https://www.tiktok.com/@hakushibo7/video/7640168442892406023,7640168442892406023,hakushibo7,Tensei shitara Slime Datta Ken,2026-05-16T16:57:00+07:00,,True,dom,3
dom_6f736305,Sameer,https://www.tiktok.com/@sameer02014,ya that ep is gonna blow the internet 👽,,,https://www.tiktok.com/@hakushibo7/video/7640168442892406023,7640168442892406023,hakushibo7,Tensei shitara Slime Datta Ken,2026-05-16T16:57:00+07:00,,True,dom,3
dom_7bcca96,Giang thích uống bạc xĩu ☕️,https://www.tiktok.com/@gianglee64,Tập mấy v ạ,,,https://www.tiktok.com/@hakushibo7/video/7640168442892406023,7640168442892406023,hakushibo7,Tensei shitara Slime Datta Ken,2026-05-16T16:57:00+07:00,,False,dom,3
dom_7997348a,4,https://www.tiktok.com/@uprize39,tập 6,,,https://www.tiktok.com/@hakushibo7/video/7640168442892406023,7640168442892406023,hakushibo7,Tensei shitara Slime Datta Ken,2026-05-16T16:57:00+07:00,,True,dom,3
dom_78343cc3,mutsu_kun,https://www.tiktok.com/@kyoon_kitsune,5,,,https://www.tiktok.com/@hakushibo7/video/7640168442892406023,7640168442892406023,hakushibo7,Tensei shitara Slime Datta Ken,2026-05-16T16:57:00+07:00,,True,dom,3
dom_2d677d16,The Asshole,https://www.tiktok.com/@dtidwell1,wait the new episode came out today??,,,https://www.tiktok.com/@hakushibo7/video/7640168442892406023,7640168442892406023,hakushibo7,Tensei shitara Slime Datta Ken,2026-05-16T16:57:00+07:00,,False,dom,3
dom_76651cbe,Raido Shin,https://www.tiktok.com/@galihkusuma915,"no,new episode is Yesterday",,,https://www.tiktok.com/@hakushibo7/video/7640168442892406023,7640168442892406023,hakushibo7,Tensei shitara Slime Datta Ken,2026-05-16T16:57:00+07:00,,True,dom,3
dom_389bea71,𝚃𝐇𝙴 𝐆ᵒᵈ 乙,https://www.tiktok.com/@akoumo1,One episode is released every Friday. Again next 15th s4ep6 will be released and 22nd s4ep7 will be released which means one episode will be released every 7 days.Each episode of this anime will be released at 8:30👍,,,https://www.tiktok.com/@hakushibo7/video/7640168442892406023,7640168442892406023,hakushibo7,Tensei shitara Slime Datta Ken,2026-05-16T16:57:00+07:00,,True,dom,3
dom_64e5f3bb,MK,https://www.tiktok.com/@mk87403,ดอง😆,,,https://www.tiktok.com/@hakushibo7/video/7640168442892406023,7640168442892406023,hakushibo7,Tensei shitara Slime Datta Ken,2026-05-16T16:57:00+07:00,,False,dom,3
dom_3eacc23b,tichanon03,https://www.tiktok.com/@tichanon21,เอาไว้ดูทีเดียวดีกว่าเดี๋ยวค้าง🤣,,,https://www.tiktok.com/@hakushibo7/video/7640168442892406023,7640168442892406023,hakushibo7,Tensei shitara Slime Datta Ken,2026-05-16T16:57:00+07:00,,True,dom,3
dom_2d21383c,golfknn,https://www.tiktok.com/@golfknn,แนะนำเลยครับว่าอย่าเพิ่งเข้าไปดูให้ดองไว้ก่อนเมื่อกี้อดใจไม่ไหวลองเข้าไปดูคาใจชิบหาย😅,,,https://www.tiktok.com/@hakushibo7/video/7640168442892406023,7640168442892406023,hakushibo7,Tensei shitara Slime Datta Ken,2026-05-16T16:57:00+07:00,,True,dom,3
dom_73973a35,CK.B,https://www.tiktok.com/@chonkanokboonesir,ถ้าดองนี่ยาวเลยคนับ กันยา นู้นกว่าจะครบ 24 ตอนผมคำนวนมาละ 5555 ผมก็ดองเหมือนกัน 😭,,,https://www.tiktok.com/@hakushibo7/video/7640168442892406023,7640168442892406023,hakushibo7,Tensei shitara Slime Datta Ken,2026-05-16T16:57:00+07:00,,True,dom,3
dom_399861c1,Chenlei🩷✨,https://www.tiktok.com/@thua.loickiu,ôi chồng yêu,,,https://www.tiktok.com/@hakushibo7/video/7640168442892406023,7640168442892406023,hakushibo7,Tensei shitara Slime Datta Ken,2026-05-16T16:57:00+07:00,,False,dom,3
dom_61fd0644,ezpredator2,https://www.tiktok.com/@ezpredator0,[Sticker] Letsgoooo,,,https://www.tiktok.com/@hakushibo7/video/7640168442892406023,7640168442892406023,hakushibo7,Tensei shitara Slime Datta Ken,2026-05-16T16:57:00+07:00,,False,dom,3
dom_51650efe,Fernando,https://www.tiktok.com/@alexfe77,[Sticker],,,https://www.tiktok.com/@hakushibo7/video/7640168442892406023,7640168442892406023,hakushibo7,Tensei shitara Slime Datta Ken,2026-05-16T16:57:00+07:00,,False,dom,3
dom_707cc8ba,D E A D_S H O T,https://www.tiktok.com/@deadshot7774,name,,,https://www.tiktok.com/@hakushibo7/video/7640168442892406023,7640168442892406023,hakushibo7,Tensei shitara Slime Datta Ken,2026-05-16T16:57:00+07:00,,False,dom,3
dom_47350c35,Marjie,https://www.tiktok.com/@marji_tiu,New episode lets gooooo👏👏👏👏,,,https://www.tiktok.com/@hakushibo7/video/7640168442892406023,7640168442892406023,hakushibo7,Tensei shitara Slime Datta Ken,2026-05-16T16:57:00+07:00,,False,dom,3
dom_21d983a9,Trường ²⁰⁰⁶💦,https://www.tiktok.com/@truong04122006,[Sticker] tôi đang chờ tập mới 🥰,,,https://www.tiktok.com/@hakushibo7/video/7640168442892406023,7640168442892406023,hakushibo7,Tensei shitara Slime Datta Ken,2026-05-16T16:57:00+07:00,,False,dom,3
dom_72726ad0,figasopley,https://www.tiktok.com/@besttop30,новая серия вышла????,,,https://www.tiktok.com/@hakushibo7/video/7640168442892406023,7640168442892406023,hakushibo7,Tensei shitara Slime Datta Ken,2026-05-16T16:57:00+07:00,,False,dom,3
dom_1a20dc3e,Monika,https://www.tiktok.com/@vanhoa5086,[Sticker],,,https://www.tiktok.com/@hakushibo7/video/7640168442892406023,7640168442892406023,hakushibo7,Tensei shitara Slime Datta Ken,2026-05-16T16:57:00+07:00,,False,dom,3
dom_2e68ded2,MỞM WIBU👻,https://www.tiktok.com/@slime2d.ff,[Sticker],,,https://www.tiktok.com/@hakushibo7/video/7640168442892406023,7640168442892406023,hakushibo7,Tensei shitara Slime Datta Ken,2026-05-16T16:57:00+07:00,,False,dom,3
dom_16ec41fd,Mariami Mari,https://www.tiktok.com/@mariami.mari090,Как називаица,,,https://www.tiktok.com/@hakushibo7/video/7640168442892406023,7640168442892406023,hakushibo7,Tensei shitara Slime Datta Ken,2026-05-16T16:57:00+07:00,,False,dom,3
dom_301cdd88,santuy,https://www.tiktok.com/@slurr1,S berpa nih,,,https://www.tiktok.com/@hakushibo7/video/7640168442892406023,7640168442892406023,hakushibo7,Tensei shitara Slime Datta Ken,2026-05-16T16:57:00+07:00,,False,dom,3
dom_4e9cadde,Orang yang mungkin Anda kenal,https://www.tiktok.com/@wrfyuuuu,saitama tertawa melihat ini,,,https://www.tiktok.com/@hakushibo7/video/7640168442892406023,7640168442892406023,hakushibo7,Tensei shitara Slime Datta Ken,2026-05-16T16:57:00+07:00,,False,dom,3
dom_78e86511,Miku,https://www.tiktok.com/@miku49300,[Sticker],,,https://www.tiktok.com/@hakushibo7/video/7640168442892406023,7640168442892406023,hakushibo7,Tensei shitara Slime Datta Ken,2026-05-16T16:57:00+07:00,,False,dom,3
7640169813919580945,anime.s164,https://www.tiktok.com/@anime.s164,[Sticker],1.0,1778865687,https://www.tiktok.com/@hakushibo7/video/7640168442892406023,7640168442892406023,hakushibo7,Tensei shitara Slime Datta Ken,2026-05-16T16:57:01+07:00,0,False,api,3
7640240963496330017,gamerkatze2012,https://www.tiktok.com/@gamerkatze2012,[Sticker],,1778882249,https://www.tiktok.com/@hakushibo7/video/7640168442892406023,7640168442892406023,hakushibo7,Tensei shitara Slime Datta Ken,2026-05-16T16:57:01+07:00,0,False,api,3
7640339238843941652,somali_anime5,https://www.tiktok.com/@somali_anime5,[Sticker] How amazing! he stop The ability to control minds it's is truly remarkable.,1.0,1778905118,https://www.tiktok.com/@hakushibo7/video/7640168442892406023,7640168442892406023,hakushibo7,Tensei shitara Slime Datta Ken,2026-05-16T16:57:01+07:00,0,False,api,3
7640294515416515336,datdat6334,https://www.tiktok.com/@datdat6334,b coi kênh nào v,,1778894705,https://www.tiktok.com/@hakushibo7/video/7640168442892406023,7640168442892406023,hakushibo7,Tensei shitara Slime Datta Ken,2026-05-16T16:57:01+07:00,0,False,api,3
7640341835491132176,ivancos44,https://www.tiktok.com/@ivancos44,rimuru god,,1778905729,https://www.tiktok.com/@hakushibo7/video/7640168442892406023,7640168442892406023,hakushibo7,Tensei shitara Slime Datta Ken,2026-05-16T16:57:01+07:00,0,False,api,3
7640306193567040277,mirellasophia16,https://www.tiktok.com/@mirellasophia16,[Sticker],,1778897430,https://www.tiktok.com/@hakushibo7/video/7640168442892406023,7640168442892406023,hakushibo7,Tensei shitara Slime Datta Ken,2026-05-16T16:57:01+07:00,0,False,api,3
7640251656248722183,_qq_lunax_,https://www.tiktok.com/@_qq_lunax_,[Sticker],,1778884734,https://www.tiktok.com/@hakushibo7/video/7640168442892406023,7640168442892406023,hakushibo7,Tensei shitara Slime Datta Ken,2026-05-16T16:57:01+07:00,0,False,api,3
7640243955396838160,_ruu_71,https://www.tiktok.com/@_ruu_71,[Sticker],,1778882958,https://www.tiktok.com/@hakushibo7/video/7640168442892406023,7640168442892406023,hakushibo7,Tensei shitara Slime Datta Ken,2026-05-16T16:57:01+07:00,0,False,api,3
7640248129082114838,lancelot__666,https://www.tiktok.com/@lancelot__666,[Sticker],,1778883914,https://www.tiktok.com/@hakushibo7/video/7640168442892406023,7640168442892406023,hakushibo7,Tensei shitara Slime Datta Ken,2026-05-16T16:57:01+07:00,0,False,api,3
7640285430529311504,musemuse141,https://www.tiktok.com/@musemuse141,โซเอ🥰,1.0,1778892608,https://www.tiktok.com/@hakushibo7/video/7640168442892406023,7640168442892406023,hakushibo7,Tensei shitara Slime Datta Ken,2026-05-16T16:57:01+07:00,0,False,api,3
7640259025481450261,enmarys020,https://www.tiktok.com/@enmarys020,Cual es el nombre de la serie??,,1778886460,https://www.tiktok.com/@hakushibo7/video/7640168442892406023,7640168442892406023,hakushibo7,Tensei shitara Slime Datta Ken,2026-05-16T16:57:01+07:00,0,False,api,3
7640264946827166472,itachigarcia90,https://www.tiktok.com/@itachigarcia90,tensei shitara slime datta ken lo puedes ver en crunchyroll esta es su 4 temporada,1.0,1778887819,https://www.tiktok.com/@hakushibo7/video/7640168442892406023,7640168442892406023,hakushibo7,Tensei shitara Slime Datta Ken,2026-05-16T16:57:01+07:00,7640259025481450261,True,api,3
7640201569631224594,mmdooh.senan2,https://www.tiktok.com/@mmdooh.senan2,اسم الأنمي بليييز,,1778873057,https://www.tiktok.com/@hakushibo7/video/7640168442892406023,7640168442892406023,hakushibo7,Tensei shitara Slime Datta Ken,2026-05-16T16:57:01+07:00,0,False,api,3
7640264699616248583,ruthflorespauca51,https://www.tiktok.com/@ruthflorespauca51,No M sale la temporada en Crunchyroll,,1778887772,https://www.tiktok.com/@hakushibo7/video/7640168442892406023,7640168442892406023,hakushibo7,Tensei shitara Slime Datta Ken,2026-05-16T16:57:01+07:00,0,False,api,3
7640283047346668309,thestarboyq,https://www.tiktok.com/@thestarboyq,asikk Bett coo eps baru nya,1.0,1778892046,https://www.tiktok.com/@hakushibo7/video/7640168442892406023,7640168442892406023,hakushibo7,Tensei shitara Slime Datta Ken,2026-05-16T16:57:01+07:00,0,False,api,3
7640222634307601172,hallio92,https://www.tiktok.com/@hallio92,"Шуна 🥺, такая молодец 🥰 , красавица жги",8.0,1778877980,https://www.tiktok.com/@hakushibo7/video/7640168442892406023,7640168442892406023,hakushibo7,Tensei shitara Slime Datta Ken,2026-05-16T16:57:01+07:00,0,False,api,3
7640244260151952148,ajuda.ai73,https://www.tiktok.com/@ajuda.ai73,muito bom isekai de reunião,6.0,1778883022,https://www.tiktok.com/@hakushibo7/video/7640168442892406023,7640168442892406023,hakushibo7,Tensei shitara Slime Datta Ken,2026-05-16T16:57:01+07:00,0,False,api,3
7640237244296954640,frontomajes,https://www.tiktok.com/@frontomajes,en el manga duro una eternidad este Capítulo.,6.0,1778881395,https://www.tiktok.com/@hakushibo7/video/7640168442892406023,7640168442892406023,hakushibo7,Tensei shitara Slime Datta Ken,2026-05-16T16:57:01+07:00,0,False,api,3
7640305582558528264,slavazmey,https://www.tiktok.com/@slavazmey,"блин да где эти серии все сайты, перелопатил уже(((",4.0,1778897281,https://www.tiktok.com/@hakushibo7/video/7640168442892406023,7640168442892406023,hakushibo7,Tensei shitara Slime Datta Ken,2026-05-16T16:57:01+07:00,0,False,api,3
7640233222211420946,4guacamolito_xd,https://www.tiktok.com/@4guacamolito_xd,[Sticker],227.0,1778880436,https://www.tiktok.com/@hakushibo7/video/7640168442892406023,7640168442892406023,hakushibo7,Tensei shitara Slime Datta Ken,2026-05-16T16:57:01+07:00,0,False,api,3
7640169788752741121,anime.s164,https://www.tiktok.com/@anime.s164,[Sticker] si solo estuviera ahí,27.0,1778865671,https://www.tiktok.com/@hakushibo7/video/7640168442892406023,7640168442892406023,hakushibo7,Tensei shitara Slime Datta Ken,2026-05-16T16:57:01+07:00,0,False,api,3
7640343769657787154,radad921,https://www.tiktok.com/@radad921,รอบนี้เห็นเขาว่ามายาวๆ60ตอนหน้าจะแบ่งเป็นสองพาทนะ,1.0,1778906175,https://www.tiktok.com/@hakushibo7/video/7640168442892406023,7640168442892406023,hakushibo7,Tensei shitara Slime Datta Ken,2026-05-16T16:57:23+07:00,7640304489567978261,False,api,3
7640344423298155265,chonkanokboonesir,https://www.tiktok.com/@chonkanokboonesir,โอ้โหห ลากเลือดเลยครับ ดองลืมเลยทีนี้,1.0,1778906351,https://www.tiktok.com/@hakushibo7/video/7640168442892406023,7640168442892406023,hakushibo7,Tensei shitara Slime Datta Ken,2026-05-16T16:57:23+07:00,7640304489567978261,False,api,3
7640346744048010004,sosfoever,https://www.tiktok.com/@sosfoever,อดทนไม่ไหวจริงๆๆ5555 ดูไปก่อนแล้วพอครบค่อยวนซ้ำอีกรอบ,1.0,1778906869,https://www.tiktok.com/@hakushibo7/video/7640168442892406023,7640168442892406023,hakushibo7,Tensei shitara Slime Datta Ken,2026-05-16T16:57:23+07:00,7640304489567978261,False,api,3
7640337165461848852,oil_koong,https://www.tiktok.com/@oil_koong,เหมือนกันครับ😅😅,1.0,1778904640,https://www.tiktok.com/@hakushibo7/video/7640168442892406023,7640168442892406023,hakushibo7,Tensei shitara Slime Datta Ken,2026-05-16T16:57:27+07:00,7640304489567978261,False,api,3
7640347249994580744,ynazzha,https://www.tiktok.com/@ynazzha,who's from Philippines? Try HAnime app you can watch it on that app. Thanks me later ☺️,18.0,1778906986,https://www.tiktok.com/@mcmt30/video/7640211563726605586,7640211563726605586,mcmt30,Tensei shitara Slime Datta Ken,2026-05-16T16:57:35+07:00,0,False,api,4
7640353846414852884,mcmt30,https://www.tiktok.com/@mcmt30,❤️,4.0,1778908525,https://www.tiktok.com/@mcmt30/video/7640211563726605586,7640211563726605586,mcmt30,Tensei shitara Slime Datta Ken,2026-05-16T16:57:35+07:00,7640347249994580744,True,api,4
7640370522794935041,_repost_91,https://www.tiktok.com/@_repost_91,so they really going 2 seasons of meetings,2.0,1778912423,https://www.tiktok.com/@mcmt30/video/7640211563726605586,7640211563726605586,mcmt30,Tensei shitara Slime Datta Ken,2026-05-16T16:57:35+07:00,0,False,api,4
7640414829542458132,mcmt30,https://www.tiktok.com/@mcmt30,"nope, this meeting in this episode is over.. after this is mariabel, yuki vs rimuru",,1778922712,https://www.tiktok.com/@mcmt30/video/7640211563726605586,7640211563726605586,mcmt30,Tensei shitara Slime Datta Ken,2026-05-16T16:57:35+07:00,7640370522794935041,True,api,4
7640319590803276565,ceeiswhatyousee,https://www.tiktok.com/@ceeiswhatyousee,i remembered them being humbled by rimiru after,20.0,1778900549,https://www.tiktok.com/@mcmt30/video/7640211563726605586,7640211563726605586,mcmt30,Tensei shitara Slime Datta Ken,2026-05-16T16:57:35+07:00,0,False,api,4
7640342545478812436,mcmt30,https://www.tiktok.com/@mcmt30,"Yeah, Rimuru straight-up evaporated that guy. 😂😂",7.0,1778905894,https://www.tiktok.com/@mcmt30/video/7640211563726605586,7640211563726605586,mcmt30,Tensei shitara Slime Datta Ken,2026-05-16T16:57:35+07:00,7640319590803276565,True,api,4
7640381626359005969,bdsuksiyo,https://www.tiktok.com/@bdsuksiyo,[Sticker],8.0,1778915005,https://www.tiktok.com/@mcmt30/video/7640211563726605586,7640211563726605586,mcmt30,Tensei shitara Slime Datta Ken,2026-05-16T16:57:35+07:00,0,False,api,4
7640414116759405333,mcmt30,https://www.tiktok.com/@mcmt30,😳,,1778922560,https://www.tiktok.com/@mcmt30/video/7640211563726605586,7640211563726605586,mcmt30,Tensei shitara Slime Datta Ken,2026-05-16T16:57:35+07:00,7640381626359005969,True,api,4
7640367293067952916,yousefjo300,https://www.tiktok.com/@yousefjo300,which episode,1.0,1778911656,https://www.tiktok.com/@mcmt30/video/7640211563726605586,7640211563726605586,mcmt30,Tensei shitara Slime Datta Ken,2026-05-16T16:57:35+07:00,0,False,api,4
7640414086195577621,mcmt30,https://www.tiktok.com/@mcmt30,s4 ep.6,1.0,1778922552,https://www.tiktok.com/@mcmt30/video/7640211563726605586,7640211563726605586,mcmt30,Tensei shitara Slime Datta Ken,2026-05-16T16:57:35+07:00,7640367293067952916,True,api,4
7640360270645035794,luqmanlokii,https://www.tiktok.com/@luqmanlokii,Is this a new season or a movie?,1.0,1778910012,https://www.tiktok.com/@mcmt30/video/7640211563726605586,7640211563726605586,mcmt30,Tensei shitara Slime Datta Ken,2026-05-16T16:57:35+07:00,0,False,api,4
7640363278216135444,mcmt30,https://www.tiktok.com/@mcmt30,new season. s4 ep6,,1778910714,https://www.tiktok.com/@mcmt30/video/7640211563726605586,7640211563726605586,mcmt30,Tensei shitara Slime Datta Ken,2026-05-16T16:57:35+07:00,7640360270645035794,True,api,4
7640352722222793493,itss_yui,https://www.tiktok.com/@itss_yui,saan ka nakapanood nito ya,2.0,1778908256,https://www.tiktok.com/@mcmt30/video/7640211563726605586,7640211563726605586,mcmt30,Tensei shitara Slime Datta Ken,2026-05-16T16:57:35+07:00,0,False,api,4
7640353243798143764,mcmt30,https://www.tiktok.com/@mcmt30,netflix bro,1.0,1778908388,https://www.tiktok.com/@mcmt30/video/7640211563726605586,7640211563726605586,mcmt30,Tensei shitara Slime Datta Ken,2026-05-16T16:57:35+07:00,7640352722222793493,True,api,4
7640314073716065031,mikzkiecastillo,https://www.tiktok.com/@mikzkiecastillo,Nasa blue app,1.0,1778899256,https://www.tiktok.com/@mcmt30/video/7640211563726605586,7640211563726605586,mcmt30,Tensei shitara Slime Datta Ken,2026-05-16T16:57:35+07:00,0,False,api,4
7640299865221989127,capinjm,https://www.tiktok.com/@capinjm,anyare sa loklok IBA sub nila haha,1.0,1778895948,https://www.tiktok.com/@mcmt30/video/7640211563726605586,7640211563726605586,mcmt30,Tensei shitara Slime Datta Ken,2026-05-16T16:57:35+07:00,0,False,api,4
7640343637986312981,mcmt30,https://www.tiktok.com/@mcmt30,try netflix,,1778906153,https://www.tiktok.com/@mcmt30/video/7640211563726605586,7640211563726605586,mcmt30,Tensei shitara Slime Datta Ken,2026-05-16T16:57:35+07:00,7640299865221989127,True,api,4
7640302947729654548,ur_yujay,https://www.tiktok.com/@ur_yujay,sa lollok bakit chitose yung sub,2.0,1778896675,https://www.tiktok.com/@mcmt30/video/7640211563726605586,7640211563726605586,mcmt30,Tensei shitara Slime Datta Ken,2026-05-16T16:57:35+07:00,0,False,api,4
7640343598450787092,mcmt30,https://www.tiktok.com/@mcmt30,available on netflix,,1778906144,https://www.tiktok.com/@mcmt30/video/7640211563726605586,7640211563726605586,mcmt30,Tensei shitara Slime Datta Ken,2026-05-16T16:57:35+07:00,7640302947729654548,True,api,4
7640398992127345429,user8347917321114,https://www.tiktok.com/@user8347917321114,[Sticker],1.0,1778919026,https://www.tiktok.com/@mcmt30/video/7640211563726605586,7640211563726605586,mcmt30,Tensei shitara Slime Datta Ken,2026-05-16T16:57:35+07:00,0,False,api,4
7640415967504499477,mcmt30,https://www.tiktok.com/@mcmt30,😍,,1778922990,https://www.tiktok.com/@mcmt30/video/7640211563726605586,7640211563726605586,mcmt30,Tensei shitara Slime Datta Ken,2026-05-16T16:57:35+07:00,7640398992127345429,True,api,4
7640258846704108308,yourkeyce,https://www.tiktok.com/@yourkeyce,next?,2.0,1778886425,https://www.tiktok.com/@mcmt30/video/7640211563726605586,7640211563726605586,mcmt30,Tensei shitara Slime Datta Ken,2026-05-16T16:57:35+07:00,0,False,api,4
7640324461149864721,redex.gaming4,https://www.tiktok.com/@redex.gaming4,loklok kongcrung eh ang delay ng CC tapos ang weird puro kiss maid outfit couple ang gulo parang corrupt yung translation eh,1.0,1778901707,https://www.tiktok.com/@mcmt30/video/7640211563726605586,7640211563726605586,mcmt30,Tensei shitara Slime Datta Ken,2026-05-16T16:57:35+07:00,0,False,api,4
7640343850251567893,mcmt30,https://www.tiktok.com/@mcmt30,try netflix,,1778906202,https://www.tiktok.com/@mcmt30/video/7640211563726605586,7640211563726605586,mcmt30,Tensei shitara Slime Datta Ken,2026-05-16T16:57:35+07:00,7640324461149864721,True,api,4
7640406370253112085,shabumashi0709,https://www.tiktok.com/@shabumashi0709,🥰🥰🥰,1.0,1778920753,https://www.tiktok.com/@mcmt30/video/7640211563726605586,7640211563726605586,mcmt30,Tensei shitara Slime Datta Ken,2026-05-16T16:57:35+07:00,0,False,api,4
7640416459407147796,mcmt30,https://www.tiktok.com/@mcmt30,❤️,,1778923096,https://www.tiktok.com/@mcmt30/video/7640211563726605586,7640211563726605586,mcmt30,Tensei shitara Slime Datta Ken,2026-05-16T16:57:35+07:00,7640406370253112085,True,api,4
7640405186641150727,laaamboiii,https://www.tiktok.com/@laaamboiii,😂😂😂,1.0,1778920468,https://www.tiktok.com/@mcmt30/video/7640211563726605586,7640211563726605586,mcmt30,Tensei shitara Slime Datta Ken,2026-05-16T16:57:35+07:00,0,False,api,4
7640416242080629524,mcmt30,https://www.tiktok.com/@mcmt30,😳,,1778923056,https://www.tiktok.com/@mcmt30/video/7640211563726605586,7640211563726605586,mcmt30,Tensei shitara Slime Datta Ken,2026-05-16T16:57:35+07:00,7640405186641150727,True,api,4
7640402338180989716,em.ow712,https://www.tiktok.com/@em.ow712,🥰🥰🥰,1.0,1778919819,https://www.tiktok.com/@mcmt30/video/7640211563726605586,7640211563726605586,mcmt30,Tensei shitara Slime Datta Ken,2026-05-16T16:57:35+07:00,0,False,api,4
7640416010244260628,mcmt30,https://www.tiktok.com/@mcmt30,❤️,,1778922997,https://www.tiktok.com/@mcmt30/video/7640211563726605586,7640211563726605586,mcmt30,Tensei shitara Slime Datta Ken,2026-05-16T16:57:35+07:00,7640402338180989716,True,api,4
7640373045282734855,user804767355261,https://www.tiktok.com/@user804767355261,😂😂😂,1.0,1778912988,https://www.tiktok.com/@mcmt30/video/7640211563726605586,7640211563726605586,mcmt30,Tensei shitara Slime Datta Ken,2026-05-16T16:57:35+07:00,0,False,api,4
7640415371300487957,mcmt30,https://www.tiktok.com/@mcmt30,🔥,,1778922845,https://www.tiktok.com/@mcmt30/video/7640211563726605586,7640211563726605586,mcmt30,Tensei shitara Slime Datta Ken,2026-05-16T16:57:35+07:00,7640373045282734855,True,api,4
7640350504601535250,ivyyy_19,https://www.tiktok.com/@ivyyy_19,🥰,1.0,1778907734,https://www.tiktok.com/@mcmt30/video/7640211563726605586,7640211563726605586,mcmt30,Tensei shitara Slime Datta Ken,2026-05-16T16:57:35+07:00,0,False,api,4
7640353622962914069,mcmt30,https://www.tiktok.com/@mcmt30,🥰,,1778908474,https://www.tiktok.com/@mcmt30/video/7640211563726605586,7640211563726605586,mcmt30,Tensei shitara Slime Datta Ken,2026-05-16T16:57:35+07:00,7640350504601535250,True,api,4
7640338121997189909,natto650,https://www.tiktok.com/@natto650,😂😂😂,1.0,1778904858,https://www.tiktok.com/@mcmt30/video/7640211563726605586,7640211563726605586,mcmt30,Tensei shitara Slime Datta Ken,2026-05-16T16:57:35+07:00,0,False,api,4
7640344284381627156,mcmt30,https://www.tiktok.com/@mcmt30,😁😁,,1778906289,https://www.tiktok.com/@mcmt30/video/7640211563726605586,7640211563726605586,mcmt30,Tensei shitara Slime Datta Ken,2026-05-16T16:57:35+07:00,7640338121997189909,True,api,4
7640335468424807176,user4903211058336,https://www.tiktok.com/@user4903211058336,😳😳😳,1.0,1778904236,https://www.tiktok.com/@mcmt30/video/7640211563726605586,7640211563726605586,mcmt30,Tensei shitara Slime Datta Ken,2026-05-16T16:57:35+07:00,0,False,api,4
7640344203027448597,mcmt30,https://www.tiktok.com/@mcmt30,😅,,1778906282,https://www.tiktok.com/@mcmt30/video/7640211563726605586,7640211563726605586,mcmt30,Tensei shitara Slime Datta Ken,2026-05-16T16:57:35+07:00,7640335468424807176,True,api,4
7640373246357111560,imred.21,https://www.tiktok.com/@imred.21,SYBAUPN🥀,1.0,1778913031,https://www.tiktok.com/@mcmt30/video/7640211563726605586,7640211563726605586,mcmt30,Tensei shitara Slime Datta Ken,2026-05-16T16:57:37+07:00,7640347249994580744,False,api,4
7640356478511022856,ka0ruh,https://www.tiktok.com/@ka0ruh,Eyyowww manyak,1.0,1778909124,https://www.tiktok.com/@mcmt30/video/7640211563726605586,7640211563726605586,mcmt30,Tensei shitara Slime Datta Ken,2026-05-16T16:57:37+07:00,7640347249994580744,False,api,4
7640371302762758929,ruzji97,https://www.tiktok.com/@ruzji97,May crunchy roll naman legal pa,1.0,1778912592,https://www.tiktok.com/@mcmt30/video/7640211563726605586,7640211563726605586,mcmt30,Tensei shitara Slime Datta Ken,2026-05-16T16:57:37+07:00,7640347249994580744,False,api,4
7640415301011964693,mcmt30,https://www.tiktok.com/@mcmt30,and netflix.,,1778922825,https://www.tiktok.com/@mcmt30/video/7640211563726605586,7640211563726605586,mcmt30,Tensei shitara Slime Datta Ken,2026-05-16T16:57:41+07:00,7640347249994580744,False,api,4
7640417871683764993,_repost_91,https://www.tiktok.com/@_repost_91,we 5 EPs in or 6 not sure and so far all been meetings again like anime but close dropping it like back story's building but 2 seasons to much,,1778923427,https://www.tiktok.com/@mcmt30/video/7640211563726605586,7640211563726605586,mcmt30,Tensei shitara Slime Datta Ken,2026-05-16T16:57:44+07:00,7640370522794935041,False,api,4
7640349807845278484,ceeiswhatyousee,https://www.tiktok.com/@ceeiswhatyousee,yeaa frr after being cocky,1.0,1778907588,https://www.tiktok.com/@mcmt30/video/7640211563726605586,7640211563726605586,mcmt30,Tensei shitara Slime Datta Ken,2026-05-16T16:57:47+07:00,7640319590803276565,False,api,4
dom_38c83385,NAZ.,https://www.tiktok.com/@ynazzha,who's from Philippines? Try HAnime app you can watch it on that app. Thanks me later ☺️,,,https://www.tiktok.com/@mcmt30/video/7640211563726605586,7640211563726605586,mcmt30,Tensei shitara Slime Datta Ken,2026-05-16T16:58:00+07:00,,False,dom,4
dom_1b2d5278,MCMT30,https://www.tiktok.com/@mcmt30,❤️,,,https://www.tiktok.com/@mcmt30/video/7640211563726605586,7640211563726605586,mcmt30,Tensei shitara Slime Datta Ken,2026-05-16T16:58:00+07:00,,True,dom,4
dom_2bf4f40,Red,https://www.tiktok.com/@imred.21,SYBAUPN🥀,,,https://www.tiktok.com/@mcmt30/video/7640211563726605586,7640211563726605586,mcmt30,Tensei shitara Slime Datta Ken,2026-05-16T16:58:00+07:00,,True,dom,4
dom_3fdfc894,️,https://www.tiktok.com/@ka0ruh,Eyyowww manyak,,,https://www.tiktok.com/@mcmt30/video/7640211563726605586,7640211563726605586,mcmt30,Tensei shitara Slime Datta Ken,2026-05-16T16:58:00+07:00,,True,dom,4
dom_3f9a4a71,炎影,https://www.tiktok.com/@ruzji97,May crunchy roll naman legal pa,,,https://www.tiktok.com/@mcmt30/video/7640211563726605586,7640211563726605586,mcmt30,Tensei shitara Slime Datta Ken,2026-05-16T16:58:00+07:00,,True,dom,4
dom_3a86901e,MCMT30,https://www.tiktok.com/@mcmt30,and netflix.,,,https://www.tiktok.com/@mcmt30/video/7640211563726605586,7640211563726605586,mcmt30,Tensei shitara Slime Datta Ken,2026-05-16T16:58:00+07:00,,True,dom,4
dom_1b29927a,sly,https://www.tiktok.com/@_repost_91,so they really going 2 seasons of meetings,,,https://www.tiktok.com/@mcmt30/video/7640211563726605586,7640211563726605586,mcmt30,Tensei shitara Slime Datta Ken,2026-05-16T16:58:00+07:00,,False,dom,4
dom_f066cde,MCMT30,https://www.tiktok.com/@mcmt30,"nope, this meeting in this episode is over.. after this is mariabel, yuki vs rimuru",,,https://www.tiktok.com/@mcmt30/video/7640211563726605586,7640211563726605586,mcmt30,Tensei shitara Slime Datta Ken,2026-05-16T16:58:00+07:00,,True,dom,4
dom_582531f1,sly,https://www.tiktok.com/@_repost_91,we 5 EPs in or 6 not sure and so far all been meetings again like anime but close dropping it like back story's building but 2 seasons to much,,,https://www.tiktok.com/@mcmt30/video/7640211563726605586,7640211563726605586,mcmt30,Tensei shitara Slime Datta Ken,2026-05-16T16:58:00+07:00,,True,dom,4
dom_34be191d,Ceeee,https://www.tiktok.com/@ceeiswhatyousee,i remembered them being humbled by rimiru after,,,https://www.tiktok.com/@mcmt30/video/7640211563726605586,7640211563726605586,mcmt30,Tensei shitara Slime Datta Ken,2026-05-16T16:58:00+07:00,,False,dom,4
dom_58e9e52d,MCMT30,https://www.tiktok.com/@mcmt30,"Yeah, Rimuru straight-up evaporated that guy. 😂😂",,,https://www.tiktok.com/@mcmt30/video/7640211563726605586,7640211563726605586,mcmt30,Tensei shitara Slime Datta Ken,2026-05-16T16:58:00+07:00,,True,dom,4
dom_3978cd92,Ceeee,https://www.tiktok.com/@ceeiswhatyousee,yeaa frr after being cocky,,,https://www.tiktok.com/@mcmt30/video/7640211563726605586,7640211563726605586,mcmt30,Tensei shitara Slime Datta Ken,2026-05-16T16:58:00+07:00,,True,dom,4
dom_6cbce634,パー,https://www.tiktok.com/@bdsuksiyo,[Sticker],,,https://www.tiktok.com/@mcmt30/video/7640211563726605586,7640211563726605586,mcmt30,Tensei shitara Slime Datta Ken,2026-05-16T16:58:00+07:00,,False,dom,4
dom_13ec3e0d,MCMT30,https://www.tiktok.com/@mcmt30,😳,,,https://www.tiktok.com/@mcmt30/video/7640211563726605586,7640211563726605586,mcmt30,Tensei shitara Slime Datta Ken,2026-05-16T16:58:00+07:00,,True,dom,4
dom_188a9033,jo🦈,https://www.tiktok.com/@yousefjo300,which episode,,,https://www.tiktok.com/@mcmt30/video/7640211563726605586,7640211563726605586,mcmt30,Tensei shitara Slime Datta Ken,2026-05-16T16:58:00+07:00,,False,dom,4
dom_1e5af9cd,MCMT30,https://www.tiktok.com/@mcmt30,s4 ep.6,,,https://www.tiktok.com/@mcmt30/video/7640211563726605586,7640211563726605586,mcmt30,Tensei shitara Slime Datta Ken,2026-05-16T16:58:00+07:00,,True,dom,4
dom_5eabc0b5,Subaru,https://www.tiktok.com/@luqmanlokii,Is this a new season or a movie?,,,https://www.tiktok.com/@mcmt30/video/7640211563726605586,7640211563726605586,mcmt30,Tensei shitara Slime Datta Ken,2026-05-16T16:58:00+07:00,,False,dom,4
dom_6d6d275e,MCMT30,https://www.tiktok.com/@mcmt30,new season. s4 ep6,,,https://www.tiktok.com/@mcmt30/video/7640211563726605586,7640211563726605586,mcmt30,Tensei shitara Slime Datta Ken,2026-05-16T16:58:00+07:00,,True,dom,4
dom_2d40e231,its_yui,https://www.tiktok.com/@itss_yui,saan ka nakapanood nito ya,,,https://www.tiktok.com/@mcmt30/video/7640211563726605586,7640211563726605586,mcmt30,Tensei shitara Slime Datta Ken,2026-05-16T16:58:00+07:00,,False,dom,4
dom_439da972,MCMT30,https://www.tiktok.com/@mcmt30,netflix bro,,,https://www.tiktok.com/@mcmt30/video/7640211563726605586,7640211563726605586,mcmt30,Tensei shitara Slime Datta Ken,2026-05-16T16:58:00+07:00,,True,dom,4
dom_58e4ae4f,Khuletz,https://www.tiktok.com/@mikzkiecastillo,Nasa blue app,,,https://www.tiktok.com/@mcmt30/video/7640211563726605586,7640211563726605586,mcmt30,Tensei shitara Slime Datta Ken,2026-05-16T16:58:00+07:00,,False,dom,4
dom_114deff6,lucky meTT,https://www.tiktok.com/@capinjm,anyare sa loklok IBA sub nila haha,,,https://www.tiktok.com/@mcmt30/video/7640211563726605586,7640211563726605586,mcmt30,Tensei shitara Slime Datta Ken,2026-05-16T16:58:00+07:00,,False,dom,4
dom_1c03c821,YU-JAY,https://www.tiktok.com/@ur_yujay,sa lollok bakit chitose yung sub,,,https://www.tiktok.com/@mcmt30/video/7640211563726605586,7640211563726605586,mcmt30,Tensei shitara Slime Datta Ken,2026-05-16T16:58:00+07:00,,False,dom,4
dom_47548c39,豆大福,https://www.tiktok.com/@user8347917321114,[Sticker],,,https://www.tiktok.com/@mcmt30/video/7640211563726605586,7640211563726605586,mcmt30,Tensei shitara Slime Datta Ken,2026-05-16T16:58:00+07:00,,False,dom,4
dom_45488733,LEVY LAT,https://www.tiktok.com/@yourkeyce,next?,,,https://www.tiktok.com/@mcmt30/video/7640211563726605586,7640211563726605586,mcmt30,Tensei shitara Slime Datta Ken,2026-05-16T16:58:00+07:00,,False,dom,4
dom_17a48e94,Flyingtube,https://www.tiktok.com/@redex.gaming4,loklok kongcrung eh ang delay ng CC tapos ang weird puro kiss maid outfit couple ang gulo parang corrupt yung translation eh,,,https://www.tiktok.com/@mcmt30/video/7640211563726605586,7640211563726605586,mcmt30,Tensei shitara Slime Datta Ken,2026-05-16T16:58:00+07:00,,False,dom,4
dom_44299f8e,サブマシ,https://www.tiktok.com/@shabumashi0709,🥰🥰🥰,,,https://www.tiktok.com/@mcmt30/video/7640211563726605586,7640211563726605586,mcmt30,Tensei shitara Slime Datta Ken,2026-05-16T16:58:00+07:00,,False,dom,4
dom_2b1b7bdf,Lamboi,https://www.tiktok.com/@laaamboiii,😂😂😂,,,https://www.tiktok.com/@mcmt30/video/7640211563726605586,7640211563726605586,mcmt30,Tensei shitara Slime Datta Ken,2026-05-16T16:58:00+07:00,,False,dom,4
dom_4478e4a6,_brembo_hereho,https://www.tiktok.com/@em.ow712,🥰🥰🥰,,,https://www.tiktok.com/@mcmt30/video/7640211563726605586,7640211563726605586,mcmt30,Tensei shitara Slime Datta Ken,2026-05-16T16:58:00+07:00,,False,dom,4
dom_62e5bf6b,あ,https://www.tiktok.com/@user804767355261,😂😂😂,,,https://www.tiktok.com/@mcmt30/video/7640211563726605586,7640211563726605586,mcmt30,Tensei shitara Slime Datta Ken,2026-05-16T16:58:00+07:00,,False,dom,4
dom_7e4e4978,maymay,https://www.tiktok.com/@ivyyy_19,🥰,,,https://www.tiktok.com/@mcmt30/video/7640211563726605586,7640211563726605586,mcmt30,Tensei shitara Slime Datta Ken,2026-05-16T16:58:00+07:00,,False,dom,4
dom_a26f130,natto650,https://www.tiktok.com/@natto650,😂😂😂,,,https://www.tiktok.com/@mcmt30/video/7640211563726605586,7640211563726605586,mcmt30,Tensei shitara Slime Datta Ken,2026-05-16T16:58:00+07:00,,False,dom,4
dom_65b30ec2,あ,https://www.tiktok.com/@user4903211058336,😳😳😳,,,https://www.tiktok.com/@mcmt30/video/7640211563726605586,7640211563726605586,mcmt30,Tensei shitara Slime Datta Ken,2026-05-16T16:58:00+07:00,,False,dom,4
7640334795977179921,userhfn35ratvw,https://www.tiktok.com/@userhfn35ratvw,@,1.0,1778904095,https://www.tiktok.com/@mcmt30/video/7640211563726605586,7640211563726605586,mcmt30,Tensei shitara Slime Datta Ken,2026-05-16T16:58:01+07:00,0,False,api,4
7640344165306843924,mcmt30,https://www.tiktok.com/@mcmt30,😆,,1778906276,https://www.tiktok.com/@mcmt30/video/7640211563726605586,7640211563726605586,mcmt30,Tensei shitara Slime Datta Ken,2026-05-16T16:58:01+07:00,7640334795977179921,True,api,4
7640333014049194770,shinshin615nnsh,https://www.tiktok.com/@shinshin615nnsh,😳😳😳,1.0,1778903675,https://www.tiktok.com/@mcmt30/video/7640211563726605586,7640211563726605586,mcmt30,Tensei shitara Slime Datta Ken,2026-05-16T16:58:01+07:00,0,False,api,4
7640344165390009108,mcmt30,https://www.tiktok.com/@mcmt30,😏😏,,1778906268,https://www.tiktok.com/@mcmt30/video/7640211563726605586,7640211563726605586,mcmt30,Tensei shitara Slime Datta Ken,2026-05-16T16:58:01+07:00,7640333014049194770,True,api,4
7640329398365242132,user38254244461460,https://www.tiktok.com/@user38254244461460,😳😳😳,1.0,1778902832,https://www.tiktok.com/@mcmt30/video/7640211563726605586,7640211563726605586,mcmt30,Tensei shitara Slime Datta Ken,2026-05-16T16:58:01+07:00,0,False,api,4
7640344112089301780,mcmt30,https://www.tiktok.com/@mcmt30,😏,,1778906263,https://www.tiktok.com/@mcmt30/video/7640211563726605586,7640211563726605586,mcmt30,Tensei shitara Slime Datta Ken,2026-05-16T16:58:01+07:00,7640329398365242132,True,api,4
7640328643595584274,itz_rami01,https://www.tiktok.com/@itz_rami01,😁😁😁,1.0,1778902644,https://www.tiktok.com/@mcmt30/video/7640211563726605586,7640211563726605586,mcmt30,Tensei shitara Slime Datta Ken,2026-05-16T16:58:01+07:00,0,False,api,4
7640344099749823253,mcmt30,https://www.tiktok.com/@mcmt30,🔥,,1778906260,https://www.tiktok.com/@mcmt30/video/7640211563726605586,7640211563726605586,mcmt30,Tensei shitara Slime Datta Ken,2026-05-16T16:58:01+07:00,7640328643595584274,True,api,4
7640328565864170261,abdullahhassan52,https://www.tiktok.com/@abdullahhassan52,😳😳😳,1.0,1778902631,https://www.tiktok.com/@mcmt30/video/7640211563726605586,7640211563726605586,mcmt30,Tensei shitara Slime Datta Ken,2026-05-16T16:58:01+07:00,0,False,api,4
7640344134347326228,mcmt30,https://www.tiktok.com/@mcmt30,😁,,1778906256,https://www.tiktok.com/@mcmt30/video/7640211563726605586,7640211563726605586,mcmt30,Tensei shitara Slime Datta Ken,2026-05-16T16:58:01+07:00,7640328565864170261,True,api,4
7640326376490746642,dfntlyruss,https://www.tiktok.com/@dfntlyruss,😂😂😂,1.0,1778902119,https://www.tiktok.com/@mcmt30/video/7640211563726605586,7640211563726605586,mcmt30,Tensei shitara Slime Datta Ken,2026-05-16T16:58:01+07:00,0,False,api,4
7640344067831268116,mcmt30,https://www.tiktok.com/@mcmt30,😍,,1778906251,https://www.tiktok.com/@mcmt30/video/7640211563726605586,7640211563726605586,mcmt30,Tensei shitara Slime Datta Ken,2026-05-16T16:58:01+07:00,7640326376490746642,True,api,4
7640314677801812752,halversongamboa,https://www.tiktok.com/@halversongamboa,😁😁😁,1.0,1778899418,https://www.tiktok.com/@mcmt30/video/7640211563726605586,7640211563726605586,mcmt30,Tensei shitara Slime Datta Ken,2026-05-16T16:58:01+07:00,0,False,api,4
7640344067113599764,mcmt30,https://www.tiktok.com/@mcmt30,❤️,,1778906247,https://www.tiktok.com/@mcmt30/video/7640211563726605586,7640211563726605586,mcmt30,Tensei shitara Slime Datta Ken,2026-05-16T16:58:01+07:00,7640314677801812752,True,api,4
7640314672298361616,halversongamboa,https://www.tiktok.com/@halversongamboa,😳😳😳,1.0,1778899411,https://www.tiktok.com/@mcmt30/video/7640211563726605586,7640211563726605586,mcmt30,Tensei shitara Slime Datta Ken,2026-05-16T16:58:01+07:00,0,False,api,4
7640344061945676564,mcmt30,https://www.tiktok.com/@mcmt30,😏,,1778906243,https://www.tiktok.com/@mcmt30/video/7640211563726605586,7640211563726605586,mcmt30,Tensei shitara Slime Datta Ken,2026-05-16T16:58:01+07:00,7640314672298361616,True,api,4
7640305971089195794,tomo4355,https://www.tiktok.com/@tomo4355,@,1.0,1778897378,https://www.tiktok.com/@mcmt30/video/7640211563726605586,7640211563726605586,mcmt30,Tensei shitara Slime Datta Ken,2026-05-16T16:58:01+07:00,0,False,api,4
7640344054034875156,mcmt30,https://www.tiktok.com/@mcmt30,❤️,,1778906239,https://www.tiktok.com/@mcmt30/video/7640211563726605586,7640211563726605586,mcmt30,Tensei shitara Slime Datta Ken,2026-05-16T16:58:01+07:00,7640305971089195794,True,api,4
7640296598820537095,wilmarbojoc23,https://www.tiktok.com/@wilmarbojoc23,🤣🤣🤣,1.0,1778895200,https://www.tiktok.com/@mcmt30/video/7640211563726605586,7640211563726605586,mcmt30,Tensei shitara Slime Datta Ken,2026-05-16T16:58:01+07:00,0,False,api,4
7640343979177001748,mcmt30,https://www.tiktok.com/@mcmt30,😁,,1778906234,https://www.tiktok.com/@mcmt30/video/7640211563726605586,7640211563726605586,mcmt30,Tensei shitara Slime Datta Ken,2026-05-16T16:58:01+07:00,7640296598820537095,True,api,4
7640294134950920961,1978pixel6,https://www.tiktok.com/@1978pixel6,😅😅😅,1.0,1778894612,https://www.tiktok.com/@mcmt30/video/7640211563726605586,7640211563726605586,mcmt30,Tensei shitara Slime Datta Ken,2026-05-16T16:58:01+07:00,0,False,api,4
7640343982367638293,mcmt30,https://www.tiktok.com/@mcmt30,😊,,1778906228,https://www.tiktok.com/@mcmt30/video/7640211563726605586,7640211563726605586,mcmt30,Tensei shitara Slime Datta Ken,2026-05-16T16:58:01+07:00,7640294134950920961,True,api,4
7640421605290246919,3_izaiah,https://www.tiktok.com/@3_izaiah,😁😁😁,,1778924291,https://www.tiktok.com/@mcmt30/video/7640211563726605586,7640211563726605586,mcmt30,Tensei shitara Slime Datta Ken,2026-05-16T16:58:01+07:00,0,False,api,4
7639004236655592212,sntmobagame,https://www.tiktok.com/@sntmobagame,chloe dùng ngưng đọng thời gian thì vương cung thành trì chỉ là muỗi thôi nha,,1778594286,https://www.tiktok.com/@hang_dzai/video/7638872178770840839,7638872178770840839,hang_dzai,Tensei shitara Slime Datta Ken,2026-05-16T16:58:33+07:00,0,False,api,5
7639307376193717010,hang_dzai,https://www.tiktok.com/@hang_dzai,"Vấn đề ở đây là Rudra có thể di chuyển được trong Thế giới ngưng đọng nhé Michael vs Uriel để làm trưng ò, hiệu suất vũ khí với kiếm kĩ thì Rudra out trình rồi hàng cấp Thần Thoại sao chs lại cấp Sáng Thế🗿🔥",5.0,1778664866,https://www.tiktok.com/@hang_dzai/video/7638872178770840839,7638872178770840839,hang_dzai,Tensei shitara Slime Datta Ken,2026-05-16T16:58:33+07:00,7639004236655592212,True,api,5
7638898928381838096,traismow1,https://www.tiktok.com/@traismow1,à mà con Chloe là Dũng Giả Mặt Nạ nhé:),,1778569820,https://www.tiktok.com/@hang_dzai/video/7638872178770840839,7638872178770840839,hang_dzai,Tensei shitara Slime Datta Ken,2026-05-16T16:58:33+07:00,0,False,api,5
7639389340594127633,rin_66shugen,https://www.tiktok.com/@rin_66shugen,"cái đấy thuộc quyền năng từ us của twilight mà, xin cái đoạn nói velda dùng sáng tạo vạn vật với, t không biến nó ở đâu cả",1.0,1778683946,https://www.tiktok.com/@hang_dzai/video/7638872178770840839,7638872178770840839,hang_dzai,Tensei shitara Slime Datta Ken,2026-05-16T16:58:33+07:00,0,False,api,5
7639427876265394952,hang_dzai,https://www.tiktok.com/@hang_dzai,Vol 23 cứ mò trong đấy kiểu j cũng ra,,1778692917,https://www.tiktok.com/@hang_dzai/video/7638872178770840839,7638872178770840839,hang_dzai,Tensei shitara Slime Datta Ken,2026-05-16T16:58:33+07:00,7639389340594127633,True,api,5
7639512692537525008,_duong.056,https://www.tiktok.com/@_duong.056,Vương cung thành chì tank khoẻ,,1778712710,https://www.tiktok.com/@hang_dzai/video/7638872178770840839,7638872178770840839,hang_dzai,Tensei shitara Slime Datta Ken,2026-05-16T16:58:33+07:00,0,False,api,5
7638876027746255633,rin_66shugen,https://www.tiktok.com/@rin_66shugen,rudra chấp không dùng shinaru eiyuu luôn,1.0,1778564436,https://www.tiktok.com/@hang_dzai/video/7638872178770840839,7638872178770840839,hang_dzai,Tensei shitara Slime Datta Ken,2026-05-16T16:58:33+07:00,0,False,api,5
7638969172421198600,yunmimihanq,https://www.tiktok.com/@yunmimihanq,😂Chloe sao mà bằng được Rudra...,1.0,1778586124,https://www.tiktok.com/@hang_dzai/video/7638872178770840839,7638872178770840839,hang_dzai,Tensei shitara Slime Datta Ken,2026-05-16T16:58:33+07:00,0,False,api,5
7638875377267458824,dhuytempest,https://www.tiktok.com/@dhuytempest,"rudra nếu kh chuyển sinh quá nhiều lần thì làm chủ michiel thì chloe khó ăn r ,với vương cung thành trì thì rudra như bất tử",,1778564280,https://www.tiktok.com/@hang_dzai/video/7638872178770840839,7638872178770840839,hang_dzai,Tensei shitara Slime Datta Ken,2026-05-16T16:58:33+07:00,0,False,api,5
7639737902738916117,userfkqq44e51l,https://www.tiktok.com/@userfkqq44e51l,Theo tui Chloe ở cuối truyện mạnh hơn ý với cái kỹ năng thần thời không nó bá vl tháng kiểu gì được với đứa có thể gửi ý thức về quá khứ chừ khi đánh thắng được Chloe ở trông thới giới ngưng đọng mà cái kỹ năng của Chloe có thể sử dụng trông thới giới ngưng đọng nữa thật sự rudra không có cách nào để thắng được,,1778765109,https://www.tiktok.com/@hang_dzai/video/7638872178770840839,7638872178770840839,hang_dzai,Tensei shitara Slime Datta Ken,2026-05-16T16:58:33+07:00,0,False,api,5
7639790694522700552,hang_dzai,https://www.tiktok.com/@hang_dzai,"Cái gửi linh hồn là để câu kéo tìm kiếm sơ hở của đối thủ để đánh tránh rủi ro nhưng vấn đề ở đây là Rudra đấm nhau thì kco sơ hở cho Chloe tìm ra nên gần như k thể vận dụng nó hết công xuất, Thế giới ngưng đọng á Rudra di chuyển được trong đó từ đời nào rồi khi ngưng đọng toàn bộ kỹ năng của Chloe bị phế luôn làm gì làm ăn đc gì nên chỉ đánh thuần bằng vũ khí mà Vk thì Chloe thua đẹp, hàng của Rudra là cấp Sáng Thế trog khi của Chloe chỉ là cấp Thần Thoại, bào năng lượng không thể luôn ep của Chloe rơi vào ~ hay<20tr của Rudra tận ~60-70tr còn chưa tình dùng thêm của Velgrynd, Kỹ lượng thì Rudra out trình Chloe luôn rồi; không phải Kỹ năng cấp Thần là mạnh Rudra chỉ vs 3 kỹ năng Tối Thượng 1 phòng thủ(Michael) Tấn công(Uriel) Tái tạo(Anh Hùng Vương) kèo này chỉ bị ngán cái Tuyệt khắc vận mệnh nhưng không rõ có bị ảnh hưởng đc tới Vương cung thành trì hay không",,1778777393,https://www.tiktok.com/@hang_dzai/video/7638872178770840839,7638872178770840839,hang_dzai,Tensei shitara Slime Datta Ken,2026-05-16T16:58:33+07:00,7639737902738916117,True,api,5
7639013111911105300,kaiyaba_3946,https://www.tiktok.com/@kaiyaba_3946,Rudra mà ko gặp phải vụ cơ thể Masa thì vác Deva+Anh Hùng Vương thì Chloe mà đục cái Uriel+Michael ko biết đến bao h mới xong trc cái skill tank = Fl 24/24 của Rudra:)),,1778596350,https://www.tiktok.com/@hang_dzai/video/7638872178770840839,7638872178770840839,hang_dzai,Tensei shitara Slime Datta Ken,2026-05-16T16:58:33+07:00,0,False,api,5
7639426149383176978,hang_dzai,https://www.tiktok.com/@hang_dzai,Chắc cùng làm đục đc phòng thủ của Uriel còn Vương cung thành trì của Michael thì chịu chét trừ giả có Uriel thì ms làm đc vc🗿🔥,,1778692520,https://www.tiktok.com/@hang_dzai/video/7638872178770840839,7638872178770840839,hang_dzai,Tensei shitara Slime Datta Ken,2026-05-16T16:58:33+07:00,7639013111911105300,True,api,5
7638898833011688209,traismow1,https://www.tiktok.com/@traismow1,Rudra said : chừng nào phá được cái Vương Cung Thành Trì rồi nói tiếp:),1.0,1778569774,https://www.tiktok.com/@hang_dzai/video/7638872178770840839,7638872178770840839,hang_dzai,Tensei shitara Slime Datta Ken,2026-05-16T16:58:33+07:00,0,False,api,5
7640110813902209800,vcutbansines,https://www.tiktok.com/@vcutbansines,rudra có kháng nhân quả k nhỉ kháng thì ăn🗿,1.0,1778851924,https://www.tiktok.com/@hang_dzai/video/7638872178770840839,7638872178770840839,hang_dzai,Tensei shitara Slime Datta Ken,2026-05-16T16:58:33+07:00,0,False,api,5
7638981816855397128,miemie_406,https://www.tiktok.com/@miemie_406,Rudra: phá được vương cung thành trì của anh đi rồi mình nói chuyện nha,1.0,1778589066,https://www.tiktok.com/@hang_dzai/video/7638872178770840839,7638872178770840839,hang_dzai,Tensei shitara Slime Datta Ken,2026-05-16T16:58:33+07:00,0,False,api,5
7639331734617834261,sntmobagame,https://www.tiktok.com/@sntmobagame,hiểu rõ kỹ năng cấp sáng thế đi k phải cái nào của veldanava hay là hệ thiên sứ cũng là cấp sáng thế đâu urel còn bị đem đi nghiền với đống kỹ năng khác kia kìa với lại rudra nếu mà k nhập vào cơ thể của masaruky thì còn lâu mới rùng đk urel nhé,1.0,1778670539,https://www.tiktok.com/@hang_dzai/video/7638872178770840839,7638872178770840839,hang_dzai,Tensei shitara Slime Datta Ken,2026-05-16T16:58:35+07:00,7639004236655592212,False,api,5
7639534205362029313,nghtph2,https://www.tiktok.com/@nghtph2,Lần đầu nghe đến kỹ năng cấp sáng thế :)))) tác giả onl vẽ dữ dội luôn á. Lại còn rudra kh dùng được uriel nữa chớ :))) khổ,,1778717715,https://www.tiktok.com/@hang_dzai/video/7638872178770840839,7638872178770840839,hang_dzai,Tensei shitara Slime Datta Ken,2026-05-16T16:58:35+07:00,7639004236655592212,False,api,5
7639565860742841095,hang_dzai,https://www.tiktok.com/@hang_dzai,"Kỹ năng Sáng thế có tồn tại nhé nhưng là ở “Wed Novel” :))) Rudra có thể sử dụng Uriel vì Anh Hùng Dẫn Lối của Masayuki có thể tái tạo lại sức mạnh và quyền năng của Anh hùng đã mất, trog vol 19 Rudra đã sử dụng Uriel chem’ bay Vương Cung Thành Trì của Feldway",,1778725048,https://www.tiktok.com/@hang_dzai/video/7638872178770840839,7638872178770840839,hang_dzai,Tensei shitara Slime Datta Ken,2026-05-16T16:58:35+07:00,7639004236655592212,False,api,5
7639578493869310741,sntmobagame,https://www.tiktok.com/@sntmobagame,rudra nhập vào masaruki mới dùng đk thôi còn k nhập vào thì chỉ có dùng đk công lý vương thôi,,1778727997,https://www.tiktok.com/@hang_dzai/video/7638872178770840839,7638872178770840839,hang_dzai,Tensei shitara Slime Datta Ken,2026-05-16T16:58:39+07:00,7639004236655592212,False,api,5
7639578854000050965,sntmobagame,https://www.tiktok.com/@sntmobagame,nếu k nhập vào cơ thể masaruki thì k dùng đk urel còn nhập vào thì đủ linh hồn để đánh nhau với chloe k mí là quan trọng,,1778728080,https://www.tiktok.com/@hang_dzai/video/7638872178770840839,7638872178770840839,hang_dzai,Tensei shitara Slime Datta Ken,2026-05-16T16:58:39+07:00,7639004236655592212,False,api,5
7639579535305900820,sntmobagame,https://www.tiktok.com/@sntmobagame,khi đánh nhau với feldway thì sử dụng đúng chia cắt tuyệt đối mà đã hết linh hồn rồi còn chloe thì sau khi vòng lặp vô hạn lần đã đánh nhau với nhiều đối thủ rồi khi hợp nhất lại thì sức mạnh là 1 cái rì đó k tưởng với lại kỹ năng là thời không chi thần chi phối thời gian với không gian dễ lắm,,1778728235,https://www.tiktok.com/@hang_dzai/video/7638872178770840839,7638872178770840839,hang_dzai,Tensei shitara Slime Datta Ken,2026-05-16T16:58:39+07:00,7639004236655592212,False,api,5
7639579968939508500,sntmobagame,https://www.tiktok.com/@sntmobagame,nhiều người nghĩ là rudra có thể dùng urel nhưng thật ra là khi masaruki dùng a hùng dẫn lối mới tái tạo lại để dùng tạm thôi khi hết thời gian anh hùng dẫn lối lại mất thôi,,1778728348,https://www.tiktok.com/@hang_dzai/video/7638872178770840839,7638872178770840839,hang_dzai,Tensei shitara Slime Datta Ken,2026-05-16T16:58:43+07:00,7639004236655592212,False,api,5
7639619405744325383,hang_dzai,https://www.tiktok.com/@hang_dzai,M ơi vấn đề ở đây là Masa vs Rudra là cùng 1 người chung linh hồn khác bản ngã có thể hiểu như 1 người bị đa nhân cách vậy Uriel là quyền năng của Rudra nhưng đã đổi với Veldanava để lấy Michael tái tạo lại là sẽ có cả 2 vì đã từng sử hữu,,1778737520,https://www.tiktok.com/@hang_dzai/video/7638872178770840839,7638872178770840839,hang_dzai,Tensei shitara Slime Datta Ken,2026-05-16T16:58:43+07:00,7639004236655592212,False,api,5
7639623223604806418,hang_dzai,https://www.tiktok.com/@hang_dzai,"Chi phối thời gian không có tác dụng với đối thủ mạnh nó chỉ có tác dụng là câu giờ tìm sơ hở để dành chiến thắng, vòng lặp thời gian thì sao? Trong các dòng tg trc thì Chloe làm được gì Rudra không? Không làm được gì cả Rudra là đỉnh cao của nhân loại Thiên tài là danh xưng chính xác để chỉ về Rudra Thần Nhân từ 2000 năm trước solo vs 1 đứa trở thành Thần Nhân, kinh nghiệm chiến đấu cùng tư duy chiến thuật Rudra out trình rồi, Chloe đánh nhau vs Milim trg trạng thái chiến đấu bằng bản năng mà chét lên chét xuống, Rudra đánh với Guy 2 thk tìm cách xiên chét nhau bao lâu mà không xiên chét đc nhau mà Guy thuộc dạng đầu óc khủng bố của Tensura rồi nch là Chloe k có trình mà đòi Solo với Rudra, việc đâu tiên làm khi solo vs Rudra là Chloe phải tìm cách cho vũ khí không bị gãy như Hakuro với Kondo kiếm kĩ được Kondo nhận xét là ngang nhau nhưng hiệu xuất vũ khí thua xa nên Hakuro thua đẹp Huyền Thoại vs Thần Thoại còn cỡ đó mà Sáng Thế đối thủ cỡ nào nó chẳng chém đc Chloe phòng thủ bằng Đa trùng kết giới như màn mỏng v nó chả chém như chém rau :))))",,1778738404,https://www.tiktok.com/@hang_dzai/video/7638872178770840839,7638872178770840839,hang_dzai,Tensei shitara Slime Datta Ken,2026-05-16T16:58:43+07:00,7639004236655592212,False,api,5
7639714177152008981,sntmobagame,https://www.tiktok.com/@sntmobagame,nhưng nếu dùng cơ thể của masaruki thì lượng linh hồn k đủ đó còn dùng sức mạnh của masaruki thì k ăn đk miếng nào ý đợt nó nhập vào là đánh bằng linh hồn sở hữu thôi k phải bằng sức mạnh của masaruki,,1778759586,https://www.tiktok.com/@hang_dzai/video/7638872178770840839,7638872178770840839,hang_dzai,Tensei shitara Slime Datta Ken,2026-05-16T16:58:46+07:00,7639004236655592212,False,api,5
7639564937102672658,hang_dzai,https://www.tiktok.com/@hang_dzai,Anh Hùng Vương có thể tái tạo lại sức mạnh với Kỹ năng của anh hùng đã mất vol 19 Rudra đã tái tạo lại Uriel 1 cách hoàn hảo và đánh cho Feldway cook luôn,,1778724832,https://www.tiktok.com/@hang_dzai/video/7638872178770840839,7638872178770840839,hang_dzai,Tensei shitara Slime Datta Ken,2026-05-16T16:58:46+07:00,7639004236655592212,False,api,5
7639578257423549205,sntmobagame,https://www.tiktok.com/@sntmobagame,đó là khi nhập vào masadruki còn k nhập vào có cái nịt ví dụ có nhập vào thì có đủ sức đánh nhau với thế giới ngưng đọng lâu vậy k,,1778727943,https://www.tiktok.com/@hang_dzai/video/7638872178770840839,7638872178770840839,hang_dzai,Tensei shitara Slime Datta Ken,2026-05-16T16:58:46+07:00,7639004236655592212,False,api,5
dom_70d5dade,trùM đã ĐếN,https://www.tiktok.com/@sntmobagame,chloe dùng ngưng đọng thời gian thì vương cung thành trì chỉ là muỗi thôi nha,,,https://www.tiktok.com/@hang_dzai/video/7638872178770840839,7638872178770840839,hang_dzai,Tensei shitara Slime Datta Ken,2026-05-16T16:58:48+07:00,,False,dom,5
dom_5557c49f,Hằng Đệp Zai,https://www.tiktok.com/@hang_dzai,"Vấn đề ở đây là Rudra có thể di chuyển được trong Thế giới ngưng đọng nhé Michael vs Uriel để làm trưng ò, hiệu suất vũ khí với kiếm kĩ thì Rudra out trình rồi hàng cấp Thần Thoại sao chs lại cấp Sáng Thế🗿🔥",,,https://www.tiktok.com/@hang_dzai/video/7638872178770840839,7638872178770840839,hang_dzai,Tensei shitara Slime Datta Ken,2026-05-16T16:58:48+07:00,,True,dom,5
dom_387613dc,trùM đã ĐếN,https://www.tiktok.com/@sntmobagame,hiểu rõ kỹ năng cấp sáng thế đi k phải cái nào của veldanava hay là hệ thiên sứ cũng là cấp sáng thế đâu urel còn bị đem đi nghiền với đống kỹ năng khác kia kìa với lại rudra nếu mà k nhập vào cơ thể của masaruky thì còn lâu mới rùng đk urel nhé,,,https://www.tiktok.com/@hang_dzai/video/7638872178770840839,7638872178770840839,hang_dzai,Tensei shitara Slime Datta Ken,2026-05-16T16:58:48+07:00,,True,dom,5
dom_308c3376,Nghtph_232,https://www.tiktok.com/@nghtph2,Lần đầu nghe đến kỹ năng cấp sáng thế :)))) tác giả onl vẽ dữ dội luôn á. Lại còn rudra kh dùng được uriel nữa chớ :))) khổ,,,https://www.tiktok.com/@hang_dzai/video/7638872178770840839,7638872178770840839,hang_dzai,Tensei shitara Slime Datta Ken,2026-05-16T16:58:48+07:00,,True,dom,5
dom_16c818a6,Hằng Đệp Zai,https://www.tiktok.com/@hang_dzai,"Kỹ năng Sáng thế có tồn tại nhé nhưng là ở “Wed Novel” :))) Rudra có thể sử dụng Uriel vì Anh Hùng Dẫn Lối của Masayuki có thể tái tạo lại sức mạnh và quyền năng của Anh hùng đã mất, trog vol 19 Rudra đã sử dụng Uriel chem’ bay Vương Cung Thành Trì của Feldway",,,https://www.tiktok.com/@hang_dzai/video/7638872178770840839,7638872178770840839,hang_dzai,Tensei shitara Slime Datta Ken,2026-05-16T16:58:48+07:00,,True,dom,5
dom_2a5311fa,trùM đã ĐếN,https://www.tiktok.com/@sntmobagame,rudra nhập vào masaruki mới dùng đk thôi còn k nhập vào thì chỉ có dùng đk công lý vương thôi,,,https://www.tiktok.com/@hang_dzai/video/7638872178770840839,7638872178770840839,hang_dzai,Tensei shitara Slime Datta Ken,2026-05-16T16:58:48+07:00,,True,dom,5
dom_4e5b2049,trùM đã ĐếN,https://www.tiktok.com/@sntmobagame,nếu k nhập vào cơ thể masaruki thì k dùng đk urel còn nhập vào thì đủ linh hồn để đánh nhau với chloe k mí là quan trọng,,,https://www.tiktok.com/@hang_dzai/video/7638872178770840839,7638872178770840839,hang_dzai,Tensei shitara Slime Datta Ken,2026-05-16T16:58:48+07:00,,True,dom,5
dom_6feb945e,trùM đã ĐếN,https://www.tiktok.com/@sntmobagame,khi đánh nhau với feldway thì sử dụng đúng chia cắt tuyệt đối mà đã hết linh hồn rồi còn chloe thì sau khi vòng lặp vô hạn lần đã đánh nhau với nhiều đối thủ rồi khi hợp nhất lại thì sức mạnh là 1 cái rì đó k tưởng với lại kỹ năng là thời không chi thần chi phối thời gian với không gian dễ lắm,,,https://www.tiktok.com/@hang_dzai/video/7638872178770840839,7638872178770840839,hang_dzai,Tensei shitara Slime Datta Ken,2026-05-16T16:58:48+07:00,,True,dom,5
dom_41ae4fc3,trùM đã ĐếN,https://www.tiktok.com/@sntmobagame,nhiều người nghĩ là rudra có thể dùng urel nhưng thật ra là khi masaruki dùng a hùng dẫn lối mới tái tạo lại để dùng tạm thôi khi hết thời gian anh hùng dẫn lối lại mất thôi,,,https://www.tiktok.com/@hang_dzai/video/7638872178770840839,7638872178770840839,hang_dzai,Tensei shitara Slime Datta Ken,2026-05-16T16:58:48+07:00,,True,dom,5
dom_8f348be,Hằng Đệp Zai,https://www.tiktok.com/@hang_dzai,M ơi vấn đề ở đây là Masa vs Rudra là cùng 1 người chung linh hồn khác bản ngã có thể hiểu như 1 người bị đa nhân cách vậy Uriel là quyền năng của Rudra nhưng đã đổi với Veldanava để lấy Michael tái tạo lại là sẽ có cả 2 vì đã từng sử hữu,,,https://www.tiktok.com/@hang_dzai/video/7638872178770840839,7638872178770840839,hang_dzai,Tensei shitara Slime Datta Ken,2026-05-16T16:58:48+07:00,,True,dom,5
dom_2611e163,Hằng Đệp Zai,https://www.tiktok.com/@hang_dzai,"Chi phối thời gian không có tác dụng với đối thủ mạnh nó chỉ có tác dụng là câu giờ tìm sơ hở để dành chiến thắng, vòng lặp thời gian thì sao? Trong các dòng tg trc thì Chloe làm được gì Rudra không? Không làm được gì cả Rudra là đỉnh cao của nhân loại Thiên tài là danh xưng chính xác để chỉ về Rudra Thần Nhân từ 2000 năm trước solo vs 1 đứa trở thành Thần Nhân, kinh nghiệm chiến đấu cùng tư duy chiến thuật Rudra out trình rồi, Chloe đánh nhau vs Milim trg trạng thái chiến đấu bằng bản năng mà chét lên chét xuống, Rudra đánh với Guy 2 thk tìm cách xiên chét nhau bao lâu mà không xiên chét đc nhau mà Guy thuộc dạng đầu óc khủng bố của Tensura rồi nch là Chloe k có trình mà đòi Solo với Rudra, việc đâu tiên làm khi solo vs Rudra là Chloe phải tìm cách cho vũ khí không bị gãy như Hakuro với Kondo kiếm kĩ được Kondo nhận xét là ngang nhau nhưng hiệu xuất vũ khí thua xa nên Hakuro thua đẹp Huyền Thoại vs Thần Thoại còn cỡ đó mà Sáng Thế đối thủ cỡ nào nó chẳng chém đc Chloe phòng thủ bằng Đa trùng kết giới như màn mỏng v nó chả chém như chém rau :))))",,,https://www.tiktok.com/@hang_dzai/video/7638872178770840839,7638872178770840839,hang_dzai,Tensei shitara Slime Datta Ken,2026-05-16T16:58:48+07:00,,True,dom,5
dom_6c3165a0,trùM đã ĐếN,https://www.tiktok.com/@sntmobagame,nhưng nếu dùng cơ thể của masaruki thì lượng linh hồn k đủ đó còn dùng sức mạnh của masaruki thì k ăn đk miếng nào ý đợt nó nhập vào là đánh bằng linh hồn sở hữu thôi k phải bằng sức mạnh của masaruki,,,https://www.tiktok.com/@hang_dzai/video/7638872178770840839,7638872178770840839,hang_dzai,Tensei shitara Slime Datta Ken,2026-05-16T16:58:48+07:00,,True,dom,5
dom_28041d22,Hằng Đệp Zai,https://www.tiktok.com/@hang_dzai,Anh Hùng Vương có thể tái tạo lại sức mạnh với Kỹ năng của anh hùng đã mất vol 19 Rudra đã tái tạo lại Uriel 1 cách hoàn hảo và đánh cho Feldway cook luôn,,,https://www.tiktok.com/@hang_dzai/video/7638872178770840839,7638872178770840839,hang_dzai,Tensei shitara Slime Datta Ken,2026-05-16T16:58:48+07:00,,True,dom,5
dom_2e7850fd,trùM đã ĐếN,https://www.tiktok.com/@sntmobagame,đó là khi nhập vào masadruki còn k nhập vào có cái nịt ví dụ có nhập vào thì có đủ sức đánh nhau với thế giới ngưng đọng lâu vậy k,,,https://www.tiktok.com/@hang_dzai/video/7638872178770840839,7638872178770840839,hang_dzai,Tensei shitara Slime Datta Ken,2026-05-16T16:58:48+07:00,,True,dom,5
dom_1b49073e,TraisMow?,https://www.tiktok.com/@traismow1,à mà con Chloe là Dũng Giả Mặt Nạ nhé:),,,https://www.tiktok.com/@hang_dzai/video/7638872178770840839,7638872178770840839,hang_dzai,Tensei shitara Slime Datta Ken,2026-05-16T16:58:48+07:00,,False,dom,5
dom_4d9cc412,Thầy Xu,https://www.tiktok.com/@rin_66shugen,"cái đấy thuộc quyền năng từ us của twilight mà, xin cái đoạn nói velda dùng sáng tạo vạn vật với, t không biến nó ở đâu cả",,,https://www.tiktok.com/@hang_dzai/video/7638872178770840839,7638872178770840839,hang_dzai,Tensei shitara Slime Datta Ken,2026-05-16T16:58:48+07:00,,False,dom,5
dom_2f211a0f,Loli hunter 🐺,https://www.tiktok.com/@_duong.056,Vương cung thành chì tank khoẻ,,,https://www.tiktok.com/@hang_dzai/video/7638872178770840839,7638872178770840839,hang_dzai,Tensei shitara Slime Datta Ken,2026-05-16T16:58:48+07:00,,False,dom,5
dom_6be1acb2,Thầy Xu,https://www.tiktok.com/@rin_66shugen,rudra chấp không dùng shinaru eiyuu luôn,,,https://www.tiktok.com/@hang_dzai/video/7638872178770840839,7638872178770840839,hang_dzai,Tensei shitara Slime Datta Ken,2026-05-16T16:58:48+07:00,,False,dom,5
dom_3119489d,Yui Hanabi 🐈‍⬛,https://www.tiktok.com/@yunmimihanq,😂Chloe sao mà bằng được Rudra...,,,https://www.tiktok.com/@hang_dzai/video/7638872178770840839,7638872178770840839,hang_dzai,Tensei shitara Slime Datta Ken,2026-05-16T16:58:48+07:00,,False,dom,5
dom_1460f436,némđá giấu tay chơi gay giấumá,https://www.tiktok.com/@dhuytempest,"rudra nếu kh chuyển sinh quá nhiều lần thì làm chủ michiel thì chloe khó ăn r ,với vương cung thành trì thì rudra như bất tử",,,https://www.tiktok.com/@hang_dzai/video/7638872178770840839,7638872178770840839,hang_dzai,Tensei shitara Slime Datta Ken,2026-05-16T16:58:48+07:00,,False,dom,5
dom_4a230693,Danh Ngọc Phúc,https://www.tiktok.com/@userfkqq44e51l,Theo tui Chloe ở cuối truyện mạnh hơn ý với cái kỹ năng thần thời không nó bá vl tháng kiểu gì được với đứa có thể gửi ý thức về quá khứ chừ khi đánh thắng được Chloe ở trông thới giới ngưng đọng mà cái kỹ năng của Chloe có thể sử dụng trông thới giới ngưng đọng nữa thật sự rudra không có cách nào để thắng được,,,https://www.tiktok.com/@hang_dzai/video/7638872178770840839,7638872178770840839,hang_dzai,Tensei shitara Slime Datta Ken,2026-05-16T16:58:48+07:00,,False,dom,5
dom_7527e2a1,Ressha s…k Den-o?=)),https://www.tiktok.com/@kaiyaba_3946,Rudra mà ko gặp phải vụ cơ thể Masa thì vác Deva+Anh Hùng Vương thì Chloe mà đục cái Uriel+Michael ko biết đến bao h mới xong trc cái skill tank = Fl 24/24 của Rudra:)),,,https://www.tiktok.com/@hang_dzai/video/7638872178770840839,7638872178770840839,hang_dzai,Tensei shitara Slime Datta Ken,2026-05-16T16:58:48+07:00,,False,dom,5
dom_36ba6390,TraisMow?,https://www.tiktok.com/@traismow1,Rudra said : chừng nào phá được cái Vương Cung Thành Trì rồi nói tiếp:),,,https://www.tiktok.com/@hang_dzai/video/7638872178770840839,7638872178770840839,hang_dzai,Tensei shitara Slime Datta Ken,2026-05-16T16:58:48+07:00,,False,dom,5
dom_71c6be0b,bao phuc,https://www.tiktok.com/@vcutbansines,rudra có kháng nhân quả k nhỉ kháng thì ăn🗿,,,https://www.tiktok.com/@hang_dzai/video/7638872178770840839,7638872178770840839,hang_dzai,Tensei shitara Slime Datta Ken,2026-05-16T16:58:48+07:00,,False,dom,5
dom_495754a,MieMie,https://www.tiktok.com/@miemie_406,Rudra: phá được vương cung thành trì của anh đi rồi mình nói chuyện nha,,,https://www.tiktok.com/@hang_dzai/video/7638872178770840839,7638872178770840839,hang_dzai,Tensei shitara Slime Datta Ken,2026-05-16T16:58:48+07:00,,False,dom,5
7639604492749669136,traismow1,https://www.tiktok.com/@traismow1,"sao kh? miễn là con Chloe dám đánh thì Rudra dám chơi đấy? cả hai dính Time Stop thì Rudra ăn nhé, không phải cứ có cái tên Thần là ngon đâu. Đến cả Hư Vô Băng Hoại còn bất lực với Vương Cung Thành Trì thì cái đống Kỹ Năng của con Chloe làm gì?",,1778734061,https://www.tiktok.com/@hang_dzai/video/7638872178770840839,7638872178770840839,hang_dzai,Tensei shitara Slime Datta Ken,2026-05-16T16:59:07+07:00,7639004236655592212,False,api,5
7639605212151956225,traismow1,https://www.tiktok.com/@traismow1,"và Tensura làm gì có Kỹ Năng Sáng Thế??? m kiếm đâu ra nó vậy? xin cái link với? Kỹ Năng Tối Thượng là hết cỡ rồi. Cái thứ mà Veldanava dùng nó được gọi là Kỹ Thuật như Vol 23, và cái Sáng Tạo Vạn Vật nó đâu ra vậy?",,1778734233,https://www.tiktok.com/@hang_dzai/video/7638872178770840839,7638872178770840839,hang_dzai,Tensei shitara Slime Datta Ken,2026-05-16T16:59:07+07:00,7639004236655592212,False,api,5
7639611107929391892,sntmobagame,https://www.tiktok.com/@sntmobagame,trong thế giới ngưng đọng thì cái vương cung thành trì đụng cái là vỡ vụn thôi chứ nó đéo chắc như ở ngoài đâu,,1778735586,https://www.tiktok.com/@hang_dzai/video/7638872178770840839,7638872178770840839,hang_dzai,Tensei shitara Slime Datta Ken,2026-05-16T16:59:07+07:00,7639004236655592212,False,api,5
7639611730801148689,traismow1,https://www.tiktok.com/@traismow1,Rồi phá được nó thì sao? Kỹ Lượng con Chloe có gì? thua về cả Kỹ Lượng thua cả Trang Bị thì đánh đấm gì? cái Kỹ Năng thì vô Time Stop nghỉ dùng cả hai thì con Chloe còn lại gì nhỉ? hay lại lấy cái việc con Chloe được nói là Dũng Giả Mạnh Nhất ra khè?,,1778735745,https://www.tiktok.com/@hang_dzai/video/7638872178770840839,7638872178770840839,hang_dzai,Tensei shitara Slime Datta Ken,2026-05-16T16:59:12+07:00,7639004236655592212,False,api,5
7639380532249756433,rin_66shugen,https://www.tiktok.com/@rin_66shugen,"có cả kĩ năng cấp sáng thế à, tưởng chỉ vũ khí mới có cấp sáng thế thôi chứ, kĩ năng đến cấp thần là hết r mag",,1778681895,https://www.tiktok.com/@hang_dzai/video/7638872178770840839,7638872178770840839,hang_dzai,Tensei shitara Slime Datta Ken,2026-05-16T16:59:12+07:00,7639004236655592212,False,api,5
7639385376943227668,sntmobagame,https://www.tiktok.com/@sntmobagame,cái kỹ năng của veldanava cái kỹ năng sáng tạo vạn vật đó,,1778683025,https://www.tiktok.com/@hang_dzai/video/7638872178770840839,7638872178770840839,hang_dzai,Tensei shitara Slime Datta Ken,2026-05-16T16:59:12+07:00,7639004236655592212,False,api,5
7639580391352124181,sntmobagame,https://www.tiktok.com/@sntmobagame,chưa nha như cái của veldanava ý cái kỹ năng sáng tạo vạn vật đấy có thể tạo ra nhiều thế giới ví dụ như thế giới cũ của rimuru với đống thế giới mà bà rồng đi tìm linh hồn rudra đó,,1778728446,https://www.tiktok.com/@hang_dzai/video/7638872178770840839,7638872178770840839,hang_dzai,Tensei shitara Slime Datta Ken,2026-05-16T16:59:16+07:00,7639004236655592212,False,api,5
7639588157340566273,rin_66shugen,https://www.tiktok.com/@rin_66shugen,xin hỏi vol bao nhiêu ln v á,,1778730243,https://www.tiktok.com/@hang_dzai/video/7638872178770840839,7638872178770840839,hang_dzai,Tensei shitara Slime Datta Ken,2026-05-16T16:59:16+07:00,7639004236655592212,False,api,5
7639037200101901072,haphuong4447_guy,https://www.tiktok.com/@haphuong4447_guy,"dùng ngưng đọng tgian thì no chỉ dừng tgian ở ko gian đấy chứ nó cx chả lmj đc cái vctt của rudra, bản chất ngưng đọng tgian no chỉ làm dừng tgian ở 1 dòng tgian này và ng sử dụng tấn công đthu ở dòng tgian khác Cho dù đối thủ mạnh ntn thì cx k đánh bại đc Chloe nếu k can thiệp đc vào dòng tgian bj ngưng đọng, vd như guy vẫn đấm Chloe tốt vì guy xâm nhập vào đc dòng tgian của chloe, về phía Rudra thì chloe có bật cái ndtg thì cx chả lmj đc cái vctt cả, ndtg chỉ khiến Rudra k cử động hay k nhìn thấy cử động của chloe ở dòng tgian bj ngưng đọng chứ cái kỹ năng ndtg nó k phá đc cái vctt của ru đâu",,1778601970,https://www.tiktok.com/@hang_dzai/video/7638872178770840839,7638872178770840839,hang_dzai,Tensei shitara Slime Datta Ken,2026-05-16T16:59:16+07:00,7639004236655592212,False,api,5
7639332201611658004,sntmobagame,https://www.tiktok.com/@sntmobagame,trong thế giới ngưng đọng vạn vật k ở thể sống thông tin thì bị đánh 1 cái là vỡ nhé kể cả vương cung thành trì của công lý vương hay tuyết kết tinh thuẫn đều bị vỡ vụ nhé,,1778670652,https://www.tiktok.com/@hang_dzai/video/7638872178770840839,7638872178770840839,hang_dzai,Tensei shitara Slime Datta Ken,2026-05-16T16:59:20+07:00,7639004236655592212,False,api,5
7639565010361500424,hang_dzai,https://www.tiktok.com/@hang_dzai,Tgnd k thể phá huỷ Vương Cung Thành Trì bản chất cùng liên quan đến hạt thông tin nên không thể ảnh hưởng tác động lên nhau,,1778724851,https://www.tiktok.com/@hang_dzai/video/7638872178770840839,7638872178770840839,hang_dzai,Tensei shitara Slime Datta Ken,2026-05-16T16:59:20+07:00,7639004236655592212,False,api,5
7639331248318317332,sntmobagame,https://www.tiktok.com/@sntmobagame,cấp sáng thế là kỹ năng bản nguyên của veldanava đó là sáng tạo vạn vận và của ramiris là sáng tạo mê cung thứ còn sót khi nó k còn là 1 vị thần đấy,,1778670433,https://www.tiktok.com/@hang_dzai/video/7638872178770840839,7638872178770840839,hang_dzai,Tensei shitara Slime Datta Ken,2026-05-16T16:59:20+07:00,7639004236655592212,False,api,5
7639422262542697224,hang_dzai,https://www.tiktok.com/@hang_dzai,"Veldanava vẫn là Kỹ năng “Tối thượng” hoặc vào hàng Kỹ năng của “Thần” Ln không tồn tại Kỹ năng “Sáng Thế”, Kỹ năng của Ramiris là Kỹ năng “Nội Tại”",,1778691615,https://www.tiktok.com/@hang_dzai/video/7638872178770840839,7638872178770840839,hang_dzai,Tensei shitara Slime Datta Ken,2026-05-16T16:59:24+07:00,7639004236655592212,False,api,5
7639330389509538581,sntmobagame,https://www.tiktok.com/@sntmobagame,quan trọng là rudra có dùng đk kỹ năng trong thế giới ngưng đọng k còn chloe thì có thể,,1778670234,https://www.tiktok.com/@hang_dzai/video/7638872178770840839,7638872178770840839,hang_dzai,Tensei shitara Slime Datta Ken,2026-05-16T16:59:24+07:00,7639004236655592212,False,api,5
7639380830075568913,rin_66shugen,https://www.tiktok.com/@rin_66shugen,"mà có đứa nào di chuyển được trong cái tgnđ mà không dùng được kĩ năng đâu,",,1778681969,https://www.tiktok.com/@hang_dzai/video/7638872178770840839,7638872178770840839,hang_dzai,Tensei shitara Slime Datta Ken,2026-05-16T16:59:24+07:00,7639004236655592212,False,api,5
dom_360080e9,TraisMow?,https://www.tiktok.com/@traismow1,"sao kh? miễn là con Chloe dám đánh thì Rudra dám chơi đấy? cả hai dính Time Stop thì Rudra ăn nhé, không phải cứ có cái tên Thần là ngon đâu. Đến cả Hư Vô Băng Hoại còn bất lực với Vương Cung Thành Trì thì cái đống Kỹ Năng của con Chloe làm gì?",,,https://www.tiktok.com/@hang_dzai/video/7638872178770840839,7638872178770840839,hang_dzai,Tensei shitara Slime Datta Ken,2026-05-16T16:59:24+07:00,,True,dom,5
dom_3ec725d9,TraisMow?,https://www.tiktok.com/@traismow1,"và Tensura làm gì có Kỹ Năng Sáng Thế??? m kiếm đâu ra nó vậy? xin cái link với? Kỹ Năng Tối Thượng là hết cỡ rồi. Cái thứ mà Veldanava dùng nó được gọi là Kỹ Thuật như Vol 23, và cái Sáng Tạo Vạn Vật nó đâu ra vậy?",,,https://www.tiktok.com/@hang_dzai/video/7638872178770840839,7638872178770840839,hang_dzai,Tensei shitara Slime Datta Ken,2026-05-16T16:59:24+07:00,,True,dom,5
dom_6c29d699,trùM đã ĐếN,https://www.tiktok.com/@sntmobagame,trong thế giới ngưng đọng thì cái vương cung thành trì đụng cái là vỡ vụn thôi chứ nó đéo chắc như ở ngoài đâu,,,https://www.tiktok.com/@hang_dzai/video/7638872178770840839,7638872178770840839,hang_dzai,Tensei shitara Slime Datta Ken,2026-05-16T16:59:24+07:00,,True,dom,5
dom_1617a286,TraisMow?,https://www.tiktok.com/@traismow1,Rồi phá được nó thì sao? Kỹ Lượng con Chloe có gì? thua về cả Kỹ Lượng thua cả Trang Bị thì đánh đấm gì? cái Kỹ Năng thì vô Time Stop nghỉ dùng cả hai thì con Chloe còn lại gì nhỉ? hay lại lấy cái việc con Chloe được nói là Dũng Giả Mạnh Nhất ra khè?,,,https://www.tiktok.com/@hang_dzai/video/7638872178770840839,7638872178770840839,hang_dzai,Tensei shitara Slime Datta Ken,2026-05-16T16:59:24+07:00,,True,dom,5
dom_48de550b,Thầy Xu,https://www.tiktok.com/@rin_66shugen,"có cả kĩ năng cấp sáng thế à, tưởng chỉ vũ khí mới có cấp sáng thế thôi chứ, kĩ năng đến cấp thần là hết r mag",,,https://www.tiktok.com/@hang_dzai/video/7638872178770840839,7638872178770840839,hang_dzai,Tensei shitara Slime Datta Ken,2026-05-16T16:59:24+07:00,,True,dom,5
dom_20f2e8bf,trùM đã ĐếN,https://www.tiktok.com/@sntmobagame,cái kỹ năng của veldanava cái kỹ năng sáng tạo vạn vật đó,,,https://www.tiktok.com/@hang_dzai/video/7638872178770840839,7638872178770840839,hang_dzai,Tensei shitara Slime Datta Ken,2026-05-16T16:59:24+07:00,,True,dom,5
dom_25a2829a,trùM đã ĐếN,https://www.tiktok.com/@sntmobagame,chưa nha như cái của veldanava ý cái kỹ năng sáng tạo vạn vật đấy có thể tạo ra nhiều thế giới ví dụ như thế giới cũ của rimuru với đống thế giới mà bà rồng đi tìm linh hồn rudra đó,,,https://www.tiktok.com/@hang_dzai/video/7638872178770840839,7638872178770840839,hang_dzai,Tensei shitara Slime Datta Ken,2026-05-16T16:59:24+07:00,,True,dom,5
dom_71803e1a,Thầy Xu,https://www.tiktok.com/@rin_66shugen,xin hỏi vol bao nhiêu ln v á,,,https://www.tiktok.com/@hang_dzai/video/7638872178770840839,7638872178770840839,hang_dzai,Tensei shitara Slime Datta Ken,2026-05-16T16:59:24+07:00,,True,dom,5
dom_7bda35d2,ng m5 chim m9,https://www.tiktok.com/@haphuong4447_guy,"dùng ngưng đọng tgian thì no chỉ dừng tgian ở ko gian đấy chứ nó cx chả lmj đc cái vctt của rudra, bản chất ngưng đọng tgian no chỉ làm dừng tgian ở 1 dòng tgian này và ng sử dụng tấn công đthu ở dòng tgian khác Cho dù đối thủ mạnh ntn thì cx k đánh bại đc Chloe nếu k can thiệp đc vào dòng tgian bj ngưng đọng, vd như guy vẫn đấm Chloe tốt vì guy xâm nhập vào đc dòng tgian của chloe, về phía Rudra thì chloe có bật cái ndtg thì cx chả lmj đc cái vctt cả, ndtg chỉ khiến Rudra k cử động hay k nhìn thấy cử động của chloe ở dòng tgian bj ngưng đọng chứ cái kỹ năng ndtg nó k phá đc cái vctt của ru đâu",,,https://www.tiktok.com/@hang_dzai/video/7638872178770840839,7638872178770840839,hang_dzai,Tensei shitara Slime Datta Ken,2026-05-16T16:59:24+07:00,,True,dom,5
dom_3847fe88,trùM đã ĐếN,https://www.tiktok.com/@sntmobagame,trong thế giới ngưng đọng vạn vật k ở thể sống thông tin thì bị đánh 1 cái là vỡ nhé kể cả vương cung thành trì của công lý vương hay tuyết kết tinh thuẫn đều bị vỡ vụ nhé,,,https://www.tiktok.com/@hang_dzai/video/7638872178770840839,7638872178770840839,hang_dzai,Tensei shitara Slime Datta Ken,2026-05-16T16:59:24+07:00,,True,dom,5
dom_3e167424,Hằng Đệp Zai,https://www.tiktok.com/@hang_dzai,Tgnd k thể phá huỷ Vương Cung Thành Trì bản chất cùng liên quan đến hạt thông tin nên không thể ảnh hưởng tác động lên nhau,,,https://www.tiktok.com/@hang_dzai/video/7638872178770840839,7638872178770840839,hang_dzai,Tensei shitara Slime Datta Ken,2026-05-16T16:59:24+07:00,,True,dom,5
dom_2333cbd9,trùM đã ĐếN,https://www.tiktok.com/@sntmobagame,cấp sáng thế là kỹ năng bản nguyên của veldanava đó là sáng tạo vạn vận và của ramiris là sáng tạo mê cung thứ còn sót khi nó k còn là 1 vị thần đấy,,,https://www.tiktok.com/@hang_dzai/video/7638872178770840839,7638872178770840839,hang_dzai,Tensei shitara Slime Datta Ken,2026-05-16T16:59:24+07:00,,True,dom,5
dom_760e342a,Hằng Đệp Zai,https://www.tiktok.com/@hang_dzai,"Veldanava vẫn là Kỹ năng “Tối thượng” hoặc vào hàng Kỹ năng của “Thần” Ln không tồn tại Kỹ năng “Sáng Thế”, Kỹ năng của Ramiris là Kỹ năng “Nội Tại”",,,https://www.tiktok.com/@hang_dzai/video/7638872178770840839,7638872178770840839,hang_dzai,Tensei shitara Slime Datta Ken,2026-05-16T16:59:24+07:00,,True,dom,5
dom_335571fe,trùM đã ĐếN,https://www.tiktok.com/@sntmobagame,quan trọng là rudra có dùng đk kỹ năng trong thế giới ngưng đọng k còn chloe thì có thể,,,https://www.tiktok.com/@hang_dzai/video/7638872178770840839,7638872178770840839,hang_dzai,Tensei shitara Slime Datta Ken,2026-05-16T16:59:24+07:00,,True,dom,5
dom_68bba6cd,Thầy Xu,https://www.tiktok.com/@rin_66shugen,"mà có đứa nào di chuyển được trong cái tgnđ mà không dùng được kĩ năng đâu,",,,https://www.tiktok.com/@hang_dzai/video/7638872178770840839,7638872178770840839,hang_dzai,Tensei shitara Slime Datta Ken,2026-05-16T16:59:24+07:00,,True,dom,5
